"year","jurisdiction","cause_subgroup","deaths"
"2015","Alabama","Influenza and pneumonia","983"
"2015","Alabama","Renal failure","939"
"2015","Alabama","Heart failure","2478"
"2015","Alabama","Cerebrovascular diseases","2756"
"2015","Alabama","Other diseases of the respiratory system","1291"
"2015","Alabama","Other diseases of the circulatory system","5092"
"2015","Alabama","Diabetes","1163"
"2015","Alabama","Ischemic heart disease","4836"
"2015","Alabama","Hypertensive diseases","919"
"2015","Alabama","Chronic lower respiratory disease","3096"
"2015","Alabama","Sepsis","948"
"2015","Alabama","Alzheimer disease and dementia","4278"
"2015","Alabama","Malignant neoplasms","9737"
"2015","Alaska","Ischemic heart disease","203"
"2015","Alaska","Other diseases of the circulatory system","11"
"2015","Alaska","Alzheimer disease and dementia","11"
"2015","Alaska","Malignant neoplasms","902"
"2015","Arizona","Cerebrovascular diseases","2493"
"2015","Arizona","Renal failure","176"
"2015","Arizona","Sepsis","164"
"2015","Arizona","Alzheimer disease and dementia","4633"
"2015","Arizona","Hypertensive diseases","2200"
"2015","Arizona","Chronic lower respiratory disease","3689"
"2015","Arizona","Heart failure","528"
"2015","Arizona","Other diseases of the circulatory system","2803"
"2015","Arizona","Influenza and pneumonia","623"
"2015","Arizona","Other diseases of the respiratory system","1077"
"2015","Arizona","Malignant neoplasms","11859"
"2015","Arizona","Ischemic heart disease","7536"
"2015","Arizona","Diabetes","2081"
"2015","Arkansas","Diabetes","878"
"2015","Arkansas","Ischemic heart disease","4685"
"2015","Arkansas","Chronic lower respiratory disease","2236"
"2015","Arkansas","Other diseases of the respiratory system","347"
"2015","Arkansas","Influenza and pneumonia","577"
"2015","Arkansas","Other diseases of the circulatory system","1642"
"2015","Arkansas","Hypertensive diseases","1061"
"2015","Arkansas","Alzheimer disease and dementia","2607"
"2015","Arkansas","Renal failure","612"
"2015","Arkansas","Malignant neoplasms","6584"
"2015","Arkansas","Sepsis","200"
"2015","Arkansas","Heart failure","934"
"2015","Arkansas","Cerebrovascular diseases","1587"
"2015","California","Ischemic heart disease","38737"
"2015","California","Chronic lower respiratory disease","13641"
"2015","California","Cerebrovascular diseases","15065"
"2015","California","Influenza and pneumonia","6161"
"2015","California","Hypertensive diseases","10549"
"2015","California","Heart failure","6305"
"2015","California","Malignant neoplasms","59714"
"2015","California","Sepsis","1435"
"2015","California","Other diseases of the respiratory system","4403"
"2015","California","Other diseases of the circulatory system","13906"
"2015","California","Alzheimer disease and dementia","23534"
"2015","California","Diabetes","8827"
"2015","California","Renal failure","3470"
"2015","Colorado","Sepsis","263"
"2015","Colorado","Cerebrovascular diseases","1895"
"2015","Colorado","Heart failure","828"
"2015","Colorado","Hypertensive diseases","727"
"2015","Colorado","Chronic lower respiratory disease","2566"
"2015","Colorado","Ischemic heart disease","3902"
"2015","Colorado","Alzheimer disease and dementia","3404"
"2015","Colorado","Other diseases of the respiratory system","878"
"2015","Colorado","Influenza and pneumonia","452"
"2015","Colorado","Other diseases of the circulatory system","2396"
"2015","Colorado","Renal failure","169"
"2015","Colorado","Malignant neoplasms","7656"
"2015","Colorado","Diabetes","871"
"2015","Connecticut","Sepsis","489"
"2015","Connecticut","Influenza and pneumonia","512"
"2015","Connecticut","Other diseases of the circulatory system","2480"
"2015","Connecticut","Cerebrovascular diseases","1383"
"2015","Connecticut","Chronic lower respiratory disease","1365"
"2015","Connecticut","Heart failure","931"
"2015","Connecticut","Alzheimer disease and dementia","3122"
"2015","Connecticut","Ischemic heart disease","3765"
"2015","Connecticut","Diabetes","525"
"2015","Connecticut","Hypertensive diseases","575"
"2015","Connecticut","Malignant neoplasms","6689"
"2015","Connecticut","Other diseases of the respiratory system","967"
"2015","Connecticut","Renal failure","407"
"2015","Delaware","Malignant neoplasms","1981"
"2015","Delaware","Cerebrovascular diseases","242"
"2015","Delaware","Other diseases of the circulatory system","426"
"2015","Delaware","Influenza and pneumonia","23"
"2015","Delaware","Hypertensive diseases","12"
"2015","Delaware","Alzheimer disease and dementia","679"
"2015","Delaware","Chronic lower respiratory disease","311"
"2015","Delaware","Ischemic heart disease","1154"
"2015","District of Columbia","Alzheimer disease and dementia","22"
"2015","District of Columbia","Other diseases of the circulatory system","38"
"2015","District of Columbia","Hypertensive diseases","58"
"2015","District of Columbia","Malignant neoplasms","1258"
"2015","District of Columbia","Cerebrovascular diseases","46"
"2015","District of Columbia","Ischemic heart disease","722"
"2015","Florida","Other diseases of the respiratory system","3599"
"2015","Florida","Other diseases of the circulatory system","11521"
"2015","Florida","Alzheimer disease and dementia","15691"
"2015","Florida","Diabetes","5433"
"2015","Florida","Renal failure","3214"
"2015","Florida","Influenza and pneumonia","2713"
"2015","Florida","Malignant neoplasms","43697"
"2015","Florida","Sepsis","2377"
"2015","Florida","Chronic lower respiratory disease","11760"
"2015","Florida","Ischemic heart disease","29393"
"2015","Florida","Heart failure","3646"
"2015","Florida","Cerebrovascular diseases","11549"
"2015","Florida","Hypertensive diseases","5730"
"2015","Georgia","Cerebrovascular diseases","4311"
"2015","Georgia","Chronic lower respiratory disease","4610"
"2015","Georgia","Renal failure","1882"
"2015","Georgia","Ischemic heart disease","7705"
"2015","Georgia","Sepsis","1546"
"2015","Georgia","Other diseases of the respiratory system","2175"
"2015","Georgia","Diabetes","2205"
"2015","Georgia","Hypertensive diseases","2800"
"2015","Georgia","Influenza and pneumonia","1478"
"2015","Georgia","Other diseases of the circulatory system","5963"
"2015","Georgia","Heart failure","3105"
"2015","Georgia","Alzheimer disease and dementia","7307"
"2015","Georgia","Malignant neoplasms","17099"
"2015","Hawaii","Chronic lower respiratory disease","60"
"2015","Hawaii","Heart failure","46"
"2015","Hawaii","Cerebrovascular diseases","658"
"2015","Hawaii","Influenza and pneumonia","349"
"2015","Hawaii","Alzheimer disease and dementia","1050"
"2015","Hawaii","Other diseases of the circulatory system","919"
"2015","Hawaii","Malignant neoplasms","2457"
"2015","Hawaii","Hypertensive diseases","12"
"2015","Hawaii","Ischemic heart disease","1328"
"2015","Idaho","Malignant neoplasms","2796"
"2015","Idaho","Hypertensive diseases","12"
"2015","Idaho","Alzheimer disease and dementia","1259"
"2015","Idaho","Other diseases of the respiratory system","11"
"2015","Idaho","Chronic lower respiratory disease","823"
"2015","Idaho","Diabetes","107"
"2015","Idaho","Cerebrovascular diseases","510"
"2015","Idaho","Other diseases of the circulatory system","880"
"2015","Idaho","Heart failure","114"
"2015","Idaho","Influenza and pneumonia","24"
"2015","Idaho","Ischemic heart disease","1554"
"2015","Illinois","Alzheimer disease and dementia","9544"
"2015","Illinois","Other diseases of the circulatory system","6983"
"2015","Illinois","Heart failure","3874"
"2015","Illinois","Influenza and pneumonia","2236"
"2015","Illinois","Cerebrovascular diseases","5532"
"2015","Illinois","Chronic lower respiratory disease","5369"
"2015","Illinois","Ischemic heart disease","13073"
"2015","Illinois","Diabetes","2736"
"2015","Illinois","Renal failure","2431"
"2015","Illinois","Hypertensive diseases","3272"
"2015","Illinois","Sepsis","1714"
"2015","Illinois","Other diseases of the respiratory system","2470"
"2015","Illinois","Malignant neoplasms","24069"
"2015","Indiana","Renal failure","1468"
"2015","Indiana","Heart failure","1799"
"2015","Indiana","Influenza and pneumonia","979"
"2015","Indiana","Sepsis","1175"
"2015","Indiana","Cerebrovascular diseases","2915"
"2015","Indiana","Hypertensive diseases","1399"
"2015","Indiana","Diabetes","2054"
"2015","Indiana","Chronic lower respiratory disease","4254"
"2015","Indiana","Other diseases of the circulatory system","4374"
"2015","Indiana","Other diseases of the respiratory system","1508"
"2015","Indiana","Ischemic heart disease","7918"
"2015","Indiana","Malignant neoplasms","13477"
"2015","Indiana","Alzheimer disease and dementia","5993"
"2015","Iowa","Ischemic heart disease","4361"
"2015","Iowa","Hypertensive diseases","882"
"2015","Iowa","Alzheimer disease and dementia","2858"
"2015","Iowa","Other diseases of the circulatory system","1708"
"2015","Iowa","Cerebrovascular diseases","1394"
"2015","Iowa","Heart failure","168"
"2015","Iowa","Diabetes","1065"
"2015","Iowa","Influenza and pneumonia","340"
"2015","Iowa","Chronic lower respiratory disease","1997"
"2015","Iowa","Malignant neoplasms","6456"
"2015","Iowa","Renal failure","13"
"2015","Iowa","Other diseases of the respiratory system","515"
"2015","Kansas","Sepsis","73"
"2015","Kansas","Heart failure","908"
"2015","Kansas","Other diseases of the respiratory system","516"
"2015","Kansas","Other diseases of the circulatory system","2073"
"2015","Kansas","Diabetes","564"
"2015","Kansas","Influenza and pneumonia","424"
"2015","Kansas","Chronic lower respiratory disease","1675"
"2015","Kansas","Malignant neoplasms","5342"
"2015","Kansas","Cerebrovascular diseases","1266"
"2015","Kansas","Ischemic heart disease","2987"
"2015","Kansas","Renal failure","286"
"2015","Kansas","Hypertensive diseases","174"
"2015","Kansas","Alzheimer disease and dementia","2532"
"2015","Kentucky","Hypertensive diseases","1169"
"2015","Kentucky","Heart failure","1537"
"2015","Kentucky","Other diseases of the respiratory system","1265"
"2015","Kentucky","Malignant neoplasms","10302"
"2015","Kentucky","Sepsis","819"
"2015","Kentucky","Alzheimer disease and dementia","3859"
"2015","Kentucky","Chronic lower respiratory disease","3284"
"2015","Kentucky","Other diseases of the circulatory system","2837"
"2015","Kentucky","Influenza and pneumonia","930"
"2015","Kentucky","Ischemic heart disease","5327"
"2015","Kentucky","Renal failure","949"
"2015","Kentucky","Cerebrovascular diseases","2024"
"2015","Kentucky","Diabetes","1440"
"2015","Louisiana","Diabetes","1205"
"2015","Louisiana","Sepsis","970"
"2015","Louisiana","Heart failure","2004"
"2015","Louisiana","Other diseases of the circulatory system","2771"
"2015","Louisiana","Malignant neoplasms","9375"
"2015","Louisiana","Hypertensive diseases","1417"
"2015","Louisiana","Influenza and pneumonia","659"
"2015","Louisiana","Chronic lower respiratory disease","2176"
"2015","Louisiana","Ischemic heart disease","5196"
"2015","Louisiana","Renal failure","1156"
"2015","Louisiana","Other diseases of the respiratory system","1154"
"2015","Louisiana","Alzheimer disease and dementia","3345"
"2015","Louisiana","Cerebrovascular diseases","2307"
"2015","Maine","Influenza and pneumonia","142"
"2015","Maine","Chronic lower respiratory disease","1002"
"2015","Maine","Malignant neoplasms","3327"
"2015","Maine","Alzheimer disease and dementia","1697"
"2015","Maine","Heart failure","105"
"2015","Maine","Other diseases of the circulatory system","996"
"2015","Maine","Other diseases of the respiratory system","34"
"2015","Maine","Ischemic heart disease","1609"
"2015","Maine","Diabetes","122"
"2015","Maine","Cerebrovascular diseases","466"
"2015","Maryland","Other diseases of the circulatory system","3211"
"2015","Maryland","Hypertensive diseases","1860"
"2015","Maryland","Chronic lower respiratory disease","2012"
"2015","Maryland","Renal failure","757"
"2015","Maryland","Malignant neoplasms","10417"
"2015","Maryland","Other diseases of the respiratory system","904"
"2015","Maryland","Cerebrovascular diseases","2448"
"2015","Maryland","Ischemic heart disease","6586"
"2015","Maryland","Alzheimer disease and dementia","4328"
"2015","Maryland","Diabetes","1232"
"2015","Maryland","Heart failure","754"
"2015","Maryland","Sepsis","929"
"2015","Maryland","Influenza and pneumonia","1175"
"2015","Massachusetts","Ischemic heart disease","6630"
"2015","Massachusetts","Diabetes","1406"
"2015","Massachusetts","Heart failure","1955"
"2015","Massachusetts","Other diseases of the circulatory system","3791"
"2015","Massachusetts","Sepsis","899"
"2015","Massachusetts","Cerebrovascular diseases","2478"
"2015","Massachusetts","Other diseases of the respiratory system","1502"
"2015","Massachusetts","Chronic lower respiratory disease","2788"
"2015","Massachusetts","Alzheimer disease and dementia","7060"
"2015","Massachusetts","Renal failure","1220"
"2015","Massachusetts","Hypertensive diseases","1131"
"2015","Massachusetts","Influenza and pneumonia","1534"
"2015","Massachusetts","Malignant neoplasms","13075"
"2015","Michigan","Hypertensive diseases","2759"
"2015","Michigan","Diabetes","2704"
"2015","Michigan","Alzheimer disease and dementia","7954"
"2015","Michigan","Heart failure","3280"
"2015","Michigan","Sepsis","1215"
"2015","Michigan","Influenza and pneumonia","1821"
"2015","Michigan","Other diseases of the circulatory system","5789"
"2015","Michigan","Malignant neoplasms","20428"
"2015","Michigan","Other diseases of the respiratory system","1801"
"2015","Michigan","Renal failure","1865"
"2015","Michigan","Ischemic heart disease","14690"
"2015","Michigan","Cerebrovascular diseases","4568"
"2015","Michigan","Chronic lower respiratory disease","5758"
"2015","Minnesota","Chronic lower respiratory disease","2295"
"2015","Minnesota","Influenza and pneumonia","508"
"2015","Minnesota","Cerebrovascular diseases","2160"
"2015","Minnesota","Diabetes","1195"
"2015","Minnesota","Other diseases of the respiratory system","809"
"2015","Minnesota","Sepsis","139"
"2015","Minnesota","Malignant neoplasms","9754"
"2015","Minnesota","Alzheimer disease and dementia","5164"
"2015","Minnesota","Renal failure","488"
"2015","Minnesota","Heart failure","1126"
"2015","Minnesota","Hypertensive diseases","742"
"2015","Minnesota","Other diseases of the circulatory system","2888"
"2015","Minnesota","Ischemic heart disease","3795"
"2015","Mississippi","Renal failure","616"
"2015","Mississippi","Other diseases of the respiratory system","753"
"2015","Mississippi","Hypertensive diseases","1467"
"2015","Mississippi","Heart failure","1480"
"2015","Mississippi","Ischemic heart disease","3589"
"2015","Mississippi","Other diseases of the circulatory system","1962"
"2015","Mississippi","Sepsis","488"
"2015","Mississippi","Chronic lower respiratory disease","1891"
"2015","Mississippi","Alzheimer disease and dementia","2280"
"2015","Mississippi","Influenza and pneumonia","632"
"2015","Mississippi","Diabetes","1079"
"2015","Mississippi","Cerebrovascular diseases","1640"
"2015","Mississippi","Malignant neoplasms","6299"
"2015","Missouri","Hypertensive diseases","1322"
"2015","Missouri","Sepsis","903"
"2015","Missouri","Other diseases of the circulatory system","4189"
"2015","Missouri","Chronic lower respiratory disease","3972"
"2015","Missouri","Diabetes","1477"
"2015","Missouri","Cerebrovascular diseases","3183"
"2015","Missouri","Renal failure","1525"
"2015","Missouri","Malignant neoplasms","13422"
"2015","Missouri","Ischemic heart disease","8552"
"2015","Missouri","Influenza and pneumonia","1366"
"2015","Missouri","Heart failure","2243"
"2015","Missouri","Other diseases of the respiratory system","1600"
"2015","Missouri","Alzheimer disease and dementia","4850"
"2015","Montana","Alzheimer disease and dementia","845"
"2015","Montana","Cerebrovascular diseases","208"
"2015","Montana","Chronic lower respiratory disease","559"
"2015","Montana","Heart failure","26"
"2015","Montana","Influenza and pneumonia","11"
"2015","Montana","Malignant neoplasms","2108"
"2015","Montana","Other diseases of the circulatory system","545"
"2015","Montana","Ischemic heart disease","1145"
"2015","Montana","Diabetes","46"
"2015","Nebraska","Ischemic heart disease","1853"
"2015","Nebraska","Alzheimer disease and dementia","1756"
"2015","Nebraska","Other diseases of the circulatory system","1285"
"2015","Nebraska","Hypertensive diseases","108"
"2015","Nebraska","Heart failure","345"
"2015","Nebraska","Chronic lower respiratory disease","1169"
"2015","Nebraska","Cerebrovascular diseases","748"
"2015","Nebraska","Malignant neoplasms","3526"
"2015","Nebraska","Influenza and pneumonia","175"
"2015","Nebraska","Other diseases of the respiratory system","100"
"2015","Nebraska","Diabetes","322"
"2015","Nevada","Renal failure","22"
"2015","Nevada","Ischemic heart disease","3376"
"2015","Nevada","Hypertensive diseases","802"
"2015","Nevada","Alzheimer disease and dementia","1509"
"2015","Nevada","Heart failure","171"
"2015","Nevada","Influenza and pneumonia","541"
"2015","Nevada","Malignant neoplasms","4970"
"2015","Nevada","Other diseases of the circulatory system","2195"
"2015","Nevada","Other diseases of the respiratory system","38"
"2015","Nevada","Diabetes","136"
"2015","Nevada","Cerebrovascular diseases","1145"
"2015","Nevada","Chronic lower respiratory disease","1648"
"2015","New Hampshire","Diabetes","37"
"2015","New Hampshire","Other diseases of the respiratory system","23"
"2015","New Hampshire","Hypertensive diseases","11"
"2015","New Hampshire","Influenza and pneumonia","65"
"2015","New Hampshire","Malignant neoplasms","2625"
"2015","New Hampshire","Alzheimer disease and dementia","1346"
"2015","New Hampshire","Cerebrovascular diseases","163"
"2015","New Hampshire","Chronic lower respiratory disease","607"
"2015","New Hampshire","Ischemic heart disease","1393"
"2015","New Hampshire","Other diseases of the circulatory system","688"
"2015","New Hampshire","Heart failure","11"
"2015","New Jersey","Diabetes","1911"
"2015","New Jersey","Ischemic heart disease","10728"
"2015","New Jersey","Hypertensive diseases","1607"
"2015","New Jersey","Sepsis","1938"
"2015","New Jersey","Alzheimer disease and dementia","5698"
"2015","New Jersey","Heart failure","1975"
"2015","New Jersey","Chronic lower respiratory disease","3158"
"2015","New Jersey","Renal failure","1550"
"2015","New Jersey","Other diseases of the respiratory system","2587"
"2015","New Jersey","Malignant neoplasms","15915"
"2015","New Jersey","Cerebrovascular diseases","3332"
"2015","New Jersey","Other diseases of the circulatory system","5573"
"2015","New Jersey","Influenza and pneumonia","1349"
"2015","New Mexico","Chronic lower respiratory disease","1071"
"2015","New Mexico","Hypertensive diseases","82"
"2015","New Mexico","Heart failure","74"
"2015","New Mexico","Other diseases of the circulatory system","759"
"2015","New Mexico","Influenza and pneumonia","49"
"2015","New Mexico","Other diseases of the respiratory system","24"
"2015","New Mexico","Malignant neoplasms","3447"
"2015","New Mexico","Alzheimer disease and dementia","1275"
"2015","New Mexico","Ischemic heart disease","2250"
"2015","New Mexico","Diabetes","428"
"2015","New Mexico","Cerebrovascular diseases","714"
"2015","New York","Influenza and pneumonia","2710"
"2015","New York","Heart failure","2810"
"2015","New York","Sepsis","2075"
"2015","New York","Malignant neoplasms","21731"
"2015","New York","Ischemic heart disease","17310"
"2015","New York","Alzheimer disease and dementia","7845"
"2015","New York","Other diseases of the respiratory system","2429"
"2015","New York","Renal failure","1722"
"2015","New York","Diabetes","2151"
"2015","New York","Hypertensive diseases","2466"
"2015","New York","Chronic lower respiratory disease","5217"
"2015","New York","Cerebrovascular diseases","4311"
"2015","New York","Other diseases of the circulatory system","6734"
"2015","New York City","Hypertensive diseases","3353"
"2015","New York City","Cerebrovascular diseases","1837"
"2015","New York City","Diabetes","1851"
"2015","New York City","Chronic lower respiratory disease","1741"
"2015","New York City","Sepsis","168"
"2015","New York City","Alzheimer disease and dementia","3065"
"2015","New York City","Heart failure","107"
"2015","New York City","Other diseases of the circulatory system","1867"
"2015","New York City","Ischemic heart disease","13024"
"2015","New York City","Malignant neoplasms","13317"
"2015","New York City","Renal failure","124"
"2015","New York City","Influenza and pneumonia","2120"
"2015","New York City","Other diseases of the respiratory system","492"
"2015","North Carolina","Influenza and pneumonia","2120"
"2015","North Carolina","Renal failure","1805"
"2015","North Carolina","Chronic lower respiratory disease","5237"
"2015","North Carolina","Sepsis","1574"
"2015","North Carolina","Ischemic heart disease","10645"
"2015","North Carolina","Alzheimer disease and dementia","9072"
"2015","North Carolina","Heart failure","2534"
"2015","North Carolina","Other diseases of the respiratory system","2119"
"2015","North Carolina","Hypertensive diseases","2022"
"2015","North Carolina","Diabetes","2735"
"2015","North Carolina","Cerebrovascular diseases","5027"
"2015","North Carolina","Malignant neoplasms","19565"
"2015","North Carolina","Other diseases of the circulatory system","5194"
"2015","North Dakota","Alzheimer disease and dementia","415"
"2015","North Dakota","Cerebrovascular diseases","79"
"2015","North Dakota","Influenza and pneumonia","34"
"2015","North Dakota","Ischemic heart disease","841"
"2015","North Dakota","Other diseases of the circulatory system","198"
"2015","North Dakota","Chronic lower respiratory disease","52"
"2015","North Dakota","Malignant neoplasms","1406"
"2015","Ohio","Sepsis","1946"
"2015","Ohio","Heart failure","3250"
"2015","Ohio","Ischemic heart disease","15991"
"2015","Ohio","Cerebrovascular diseases","5890"
"2015","Ohio","Diabetes","3611"
"2015","Ohio","Influenza and pneumonia","2377"
"2015","Ohio","Malignant neoplasms","25292"
"2015","Ohio","Hypertensive diseases","3308"
"2015","Ohio","Other diseases of the circulatory system","7999"
"2015","Ohio","Alzheimer disease and dementia","11113"
"2015","Ohio","Chronic lower respiratory disease","7129"
"2015","Ohio","Renal failure","2069"
"2015","Ohio","Other diseases of the respiratory system","2761"
"2015","Oklahoma","Sepsis","36"
"2015","Oklahoma","Malignant neoplasms","8015"
"2015","Oklahoma","Heart failure","813"
"2015","Oklahoma","Other diseases of the circulatory system","1596"
"2015","Oklahoma","Hypertensive diseases","2178"
"2015","Oklahoma","Diabetes","1418"
"2015","Oklahoma","Renal failure","337"
"2015","Oklahoma","Other diseases of the respiratory system","334"
"2015","Oklahoma","Alzheimer disease and dementia","2724"
"2015","Oklahoma","Ischemic heart disease","6205"
"2015","Oklahoma","Influenza and pneumonia","446"
"2015","Oklahoma","Cerebrovascular diseases","1794"
"2015","Oklahoma","Chronic lower respiratory disease","2819"
"2015","Oregon","Cerebrovascular diseases","1878"
"2015","Oregon","Other diseases of the respiratory system","459"
"2015","Oregon","Renal failure","87"
"2015","Oregon","Heart failure","980"
"2015","Oregon","Malignant neoplasms","8081"
"2015","Oregon","Ischemic heart disease","3447"
"2015","Oregon","Other diseases of the circulatory system","2534"
"2015","Oregon","Chronic lower respiratory disease","2087"
"2015","Oregon","Hypertensive diseases","797"
"2015","Oregon","Diabetes","1137"
"2015","Oregon","Influenza and pneumonia","194"
"2015","Oregon","Alzheimer disease and dementia","4022"
"2015","Pennsylvania","Influenza and pneumonia","2863"
"2015","Pennsylvania","Hypertensive diseases","2615"
"2015","Pennsylvania","Heart failure","4213"
"2015","Pennsylvania","Diabetes","3771"
"2015","Pennsylvania","Other diseases of the respiratory system","3749"
"2015","Pennsylvania","Renal failure","3020"
"2015","Pennsylvania","Alzheimer disease and dementia","11903"
"2015","Pennsylvania","Chronic lower respiratory disease","6665"
"2015","Pennsylvania","Malignant neoplasms","28847"
"2015","Pennsylvania","Ischemic heart disease","17826"
"2015","Pennsylvania","Other diseases of the circulatory system","10008"
"2015","Pennsylvania","Cerebrovascular diseases","7023"
"2015","Pennsylvania","Sepsis","2379"
"2015","Puerto Rico","Renal failure","750"
"2015","Puerto Rico","Heart failure","130"
"2015","Puerto Rico","Chronic lower respiratory disease","986"
"2015","Puerto Rico","Other diseases of the respiratory system","498"
"2015","Puerto Rico","Diabetes","2928"
"2015","Puerto Rico","Sepsis","645"
"2015","Puerto Rico","Alzheimer disease and dementia","2440"
"2015","Puerto Rico","Malignant neoplasms","5182"
"2015","Puerto Rico","Cerebrovascular diseases","1303"
"2015","Puerto Rico","Ischemic heart disease","3232"
"2015","Puerto Rico","Other diseases of the circulatory system","854"
"2015","Puerto Rico","Hypertensive diseases","1100"
"2015","Puerto Rico","Influenza and pneumonia","454"
"2015","Rhode Island","Influenza and pneumonia","44"
"2015","Rhode Island","Ischemic heart disease","1614"
"2015","Rhode Island","Hypertensive diseases","35"
"2015","Rhode Island","Chronic lower respiratory disease","230"
"2015","Rhode Island","Other diseases of the circulatory system","199"
"2015","Rhode Island","Alzheimer disease and dementia","1311"
"2015","Rhode Island","Cerebrovascular diseases","121"
"2015","Rhode Island","Malignant neoplasms","2258"
"2015","South Carolina","Alzheimer disease and dementia","4836"
"2015","South Carolina","Diabetes","1323"
"2015","South Carolina","Cerebrovascular diseases","2533"
"2015","South Carolina","Other diseases of the respiratory system","1055"
"2015","South Carolina","Heart failure","1189"
"2015","South Carolina","Chronic lower respiratory disease","2838"
"2015","South Carolina","Hypertensive diseases","998"
"2015","South Carolina","Ischemic heart disease","5239"
"2015","South Carolina","Sepsis","744"
"2015","South Carolina","Influenza and pneumonia","649"
"2015","South Carolina","Renal failure","796"
"2015","South Carolina","Malignant neoplasms","9706"
"2015","South Carolina","Other diseases of the circulatory system","3431"
"2015","South Dakota","Ischemic heart disease","1221"
"2015","South Dakota","Influenza and pneumonia","47"
"2015","South Dakota","Cerebrovascular diseases","141"
"2015","South Dakota","Diabetes","24"
"2015","South Dakota","Chronic lower respiratory disease","308"
"2015","South Dakota","Malignant neoplasms","1651"
"2015","South Dakota","Other diseases of the circulatory system","122"
"2015","South Dakota","Alzheimer disease and dementia","455"
"2015","Tennessee","Cerebrovascular diseases","3765"
"2015","Tennessee","Ischemic heart disease","10451"
"2015","Tennessee","Other diseases of the respiratory system","1576"
"2015","Tennessee","Malignant neoplasms","14829"
"2015","Tennessee","Influenza and pneumonia","1828"
"2015","Tennessee","Heart failure","1352"
"2015","Tennessee","Sepsis","1015"
"2015","Tennessee","Alzheimer disease and dementia","6165"
"2015","Tennessee","Chronic lower respiratory disease","4412"
"2015","Tennessee","Other diseases of the circulatory system","3973"
"2015","Tennessee","Diabetes","1876"
"2015","Tennessee","Renal failure","1142"
"2015","Tennessee","Hypertensive diseases","1925"
"2015","Texas","Renal failure","4028"
"2015","Texas","Cerebrovascular diseases","10631"
"2015","Texas","Sepsis","4480"
"2015","Texas","Influenza and pneumonia","3244"
"2015","Texas","Other diseases of the respiratory system","4438"
"2015","Texas","Heart failure","5235"
"2015","Texas","Other diseases of the circulatory system","11788"
"2015","Texas","Ischemic heart disease","24868"
"2015","Texas","Malignant neoplasms","39485"
"2015","Texas","Diabetes","5552"
"2015","Texas","Chronic lower respiratory disease","10301"
"2015","Texas","Hypertensive diseases","5694"
"2015","Texas","Alzheimer disease and dementia","17485"
"2015","United States","Diabetes","79068"
"2015","United States","Ischemic heart disease","365292"
"2015","United States","Alzheimer disease and dementia","244074"
"2015","United States","Chronic lower respiratory disease","153954"
"2015","United States","Other diseases of the circulatory system","174328"
"2015","United States","Hypertensive diseases","78647"
"2015","United States","Cerebrovascular diseases","139572"
"2015","United States","Renal failure","48860"
"2015","United States","Heart failure","74750"
"2015","United States","Malignant neoplasms","592883"
"2015","United States","Influenza and pneumonia","56291"
"2015","United States","Other diseases of the respiratory system","61078"
"2015","United States","Sepsis","40558"
"2015","Utah","Ischemic heart disease","1667"
"2015","Utah","Diabetes","437"
"2015","Utah","Hypertensive diseases","13"
"2015","Utah","Cerebrovascular diseases","919"
"2015","Utah","Other diseases of the circulatory system","1186"
"2015","Utah","Alzheimer disease and dementia","1780"
"2015","Utah","Malignant neoplasms","3170"
"2015","Utah","Renal failure","82"
"2015","Utah","Chronic lower respiratory disease","776"
"2015","Utah","Influenza and pneumonia","136"
"2015","Utah","Heart failure","801"
"2015","Utah","Other diseases of the respiratory system","119"
"2015","Vermont","Other diseases of the circulatory system","13"
"2015","Vermont","Chronic lower respiratory disease","46"
"2015","Vermont","Alzheimer disease and dementia","367"
"2015","Vermont","Malignant neoplasms","1362"
"2015","Vermont","Ischemic heart disease","824"
"2015","Virginia","Other diseases of the respiratory system","1601"
"2015","Virginia","Alzheimer disease and dementia","6359"
"2015","Virginia","Sepsis","1139"
"2015","Virginia","Other diseases of the circulatory system","4384"
"2015","Virginia","Ischemic heart disease","7560"
"2015","Virginia","Diabetes","2021"
"2015","Virginia","Hypertensive diseases","1337"
"2015","Virginia","Cerebrovascular diseases","3364"
"2015","Virginia","Heart failure","1909"
"2015","Virginia","Malignant neoplasms","14721"
"2015","Virginia","Influenza and pneumonia","1349"
"2015","Virginia","Renal failure","1438"
"2015","Virginia","Chronic lower respiratory disease","3282"
"2015","Washington","Ischemic heart disease","6310"
"2015","Washington","Chronic lower respiratory disease","3148"
"2015","Washington","Influenza and pneumonia","741"
"2015","Washington","Cerebrovascular diseases","2684"
"2015","Washington","Hypertensive diseases","1487"
"2015","Washington","Other diseases of the circulatory system","3676"
"2015","Washington","Other diseases of the respiratory system","1385"
"2015","Washington","Renal failure","192"
"2015","Washington","Sepsis","232"
"2015","Washington","Malignant neoplasms","12681"
"2015","Washington","Diabetes","1792"
"2015","Washington","Heart failure","662"
"2015","Washington","Alzheimer disease and dementia","5733"
"2015","West Virginia","Other diseases of the respiratory system","184"
"2015","West Virginia","Heart failure","495"
"2015","West Virginia","Malignant neoplasms","4803"
"2015","West Virginia","Cerebrovascular diseases","1036"
"2015","West Virginia","Other diseases of the circulatory system","1156"
"2015","West Virginia","Diabetes","727"
"2015","West Virginia","Chronic lower respiratory disease","1607"
"2015","West Virginia","Alzheimer disease and dementia","1685"
"2015","West Virginia","Hypertensive diseases","156"
"2015","West Virginia","Influenza and pneumonia","233"
"2015","West Virginia","Sepsis","49"
"2015","West Virginia","Ischemic heart disease","2862"
"2015","West Virginia","Renal failure","182"
"2015","Wisconsin","Other diseases of the circulatory system","3161"
"2015","Wisconsin","Heart failure","1349"
"2015","Wisconsin","Hypertensive diseases","1076"
"2015","Wisconsin","Alzheimer disease and dementia","4753"
"2015","Wisconsin","Sepsis","208"
"2015","Wisconsin","Cerebrovascular diseases","2326"
"2015","Wisconsin","Chronic lower respiratory disease","2578"
"2015","Wisconsin","Influenza and pneumonia","856"
"2015","Wisconsin","Ischemic heart disease","5798"
"2015","Wisconsin","Diabetes","1242"
"2015","Wisconsin","Renal failure","805"
"2015","Wisconsin","Other diseases of the respiratory system","940"
"2015","Wisconsin","Malignant neoplasms","10305"
"2015","Wyoming","Alzheimer disease and dementia","47"
"2015","Wyoming","Ischemic heart disease","423"
"2015","Wyoming","Malignant neoplasms","852"
"2015","Wyoming","Chronic lower respiratory disease","81"
"2015","Wyoming","Other diseases of the circulatory system","12"
"2016","Alabama","Alzheimer disease and dementia","4482"
"2016","Alabama","Renal failure","969"
"2016","Alabama","Other diseases of the circulatory system","5181"
"2016","Alabama","Cerebrovascular diseases","2843"
"2016","Alabama","Heart failure","2511"
"2016","Alabama","Influenza and pneumonia","913"
"2016","Alabama","Ischemic heart disease","4873"
"2016","Alabama","Diabetes","1137"
"2016","Alabama","Chronic lower respiratory disease","3238"
"2016","Alabama","Malignant neoplasms","10166"
"2016","Alabama","Sepsis","993"
"2016","Alabama","Other diseases of the respiratory system","1351"
"2016","Alabama","Hypertensive diseases","1058"
"2016","Alaska","Malignant neoplasms","876"
"2016","Alaska","Alzheimer disease and dementia","26"
"2016","Alaska","Ischemic heart disease","221"
"2016","Alaska","Chronic lower respiratory disease","12"
"2016","Alaska","Other diseases of the circulatory system","26"
"2016","Arizona","Influenza and pneumonia","791"
"2016","Arizona","Renal failure","189"
"2016","Arizona","Ischemic heart disease","7866"
"2016","Arizona","Other diseases of the respiratory system","1106"
"2016","Arizona","Chronic lower respiratory disease","3820"
"2016","Arizona","Diabetes","2039"
"2016","Arizona","Cerebrovascular diseases","2555"
"2016","Arizona","Alzheimer disease and dementia","4778"
"2016","Arizona","Hypertensive diseases","2285"
"2016","Arizona","Sepsis","253"
"2016","Arizona","Heart failure","596"
"2016","Arizona","Malignant neoplasms","11852"
"2016","Arizona","Other diseases of the circulatory system","2803"
"2016","Arkansas","Cerebrovascular diseases","1536"
"2016","Arkansas","Heart failure","898"
"2016","Arkansas","Malignant neoplasms","6471"
"2016","Arkansas","Ischemic heart disease","4869"
"2016","Arkansas","Influenza and pneumonia","378"
"2016","Arkansas","Other diseases of the respiratory system","423"
"2016","Arkansas","Chronic lower respiratory disease","2174"
"2016","Arkansas","Sepsis","110"
"2016","Arkansas","Diabetes","884"
"2016","Arkansas","Renal failure","624"
"2016","Arkansas","Hypertensive diseases","1102"
"2016","Arkansas","Other diseases of the circulatory system","1569"
"2016","Arkansas","Alzheimer disease and dementia","2699"
"2016","California","Renal failure","3539"
"2016","California","Hypertensive diseases","10569"
"2016","California","Chronic lower respiratory disease","13617"
"2016","California","Alzheimer disease and dementia","23932"
"2016","California","Diabetes","9051"
"2016","California","Cerebrovascular diseases","15612"
"2016","California","Influenza and pneumonia","5944"
"2016","California","Other diseases of the respiratory system","4396"
"2016","California","Ischemic heart disease","37889"
"2016","California","Sepsis","1404"
"2016","California","Other diseases of the circulatory system","14419"
"2016","California","Heart failure","6802"
"2016","California","Malignant neoplasms","59488"
"2016","Colorado","Chronic lower respiratory disease","2584"
"2016","Colorado","Cerebrovascular diseases","1953"
"2016","Colorado","Ischemic heart disease","3910"
"2016","Colorado","Alzheimer disease and dementia","3547"
"2016","Colorado","Heart failure","902"
"2016","Colorado","Hypertensive diseases","812"
"2016","Colorado","Malignant neoplasms","7967"
"2016","Colorado","Influenza and pneumonia","367"
"2016","Colorado","Other diseases of the circulatory system","2456"
"2016","Colorado","Other diseases of the respiratory system","765"
"2016","Colorado","Renal failure","219"
"2016","Colorado","Diabetes","909"
"2016","Colorado","Sepsis","257"
"2016","Connecticut","Hypertensive diseases","540"
"2016","Connecticut","Sepsis","442"
"2016","Connecticut","Malignant neoplasms","6739"
"2016","Connecticut","Cerebrovascular diseases","1274"
"2016","Connecticut","Heart failure","986"
"2016","Connecticut","Other diseases of the circulatory system","2317"
"2016","Connecticut","Renal failure","383"
"2016","Connecticut","Diabetes","559"
"2016","Connecticut","Other diseases of the respiratory system","899"
"2016","Connecticut","Alzheimer disease and dementia","3293"
"2016","Connecticut","Chronic lower respiratory disease","1415"
"2016","Connecticut","Influenza and pneumonia","367"
"2016","Connecticut","Ischemic heart disease","3727"
"2016","Delaware","Chronic lower respiratory disease","324"
"2016","Delaware","Alzheimer disease and dementia","718"
"2016","Delaware","Ischemic heart disease","1224"
"2016","Delaware","Malignant neoplasms","2126"
"2016","Delaware","Other diseases of the circulatory system","383"
"2016","Delaware","Cerebrovascular diseases","290"
"2016","District of Columbia","Other diseases of the circulatory system","23"
"2016","District of Columbia","Alzheimer disease and dementia","35"
"2016","District of Columbia","Hypertensive diseases","51"
"2016","District of Columbia","Ischemic heart disease","910"
"2016","District of Columbia","Malignant neoplasms","1324"
"2016","District of Columbia","Cerebrovascular diseases","48"
"2016","Florida","Renal failure","3120"
"2016","Florida","Malignant neoplasms","43847"
"2016","Florida","Heart failure","3905"
"2016","Florida","Ischemic heart disease","29789"
"2016","Florida","Chronic lower respiratory disease","12030"
"2016","Florida","Influenza and pneumonia","2835"
"2016","Florida","Diabetes","5819"
"2016","Florida","Other diseases of the circulatory system","11467"
"2016","Florida","Cerebrovascular diseases","12000"
"2016","Florida","Hypertensive diseases","6008"
"2016","Florida","Alzheimer disease and dementia","16243"
"2016","Florida","Sepsis","2445"
"2016","Florida","Other diseases of the respiratory system","3706"
"2016","Georgia","Diabetes","2245"
"2016","Georgia","Hypertensive diseases","3198"
"2016","Georgia","Other diseases of the circulatory system","5933"
"2016","Georgia","Alzheimer disease and dementia","7279"
"2016","Georgia","Renal failure","1853"
"2016","Georgia","Other diseases of the respiratory system","2056"
"2016","Georgia","Influenza and pneumonia","1434"
"2016","Georgia","Cerebrovascular diseases","4279"
"2016","Georgia","Malignant neoplasms","17305"
"2016","Georgia","Heart failure","3218"
"2016","Georgia","Ischemic heart disease","7707"
"2016","Georgia","Sepsis","1580"
"2016","Georgia","Chronic lower respiratory disease","4744"
"2016","Hawaii","Diabetes","23"
"2016","Hawaii","Chronic lower respiratory disease","49"
"2016","Hawaii","Malignant neoplasms","2376"
"2016","Hawaii","Influenza and pneumonia","266"
"2016","Hawaii","Heart failure","11"
"2016","Hawaii","Alzheimer disease and dementia","1072"
"2016","Hawaii","Other diseases of the respiratory system","12"
"2016","Hawaii","Hypertensive diseases","25"
"2016","Hawaii","Cerebrovascular diseases","578"
"2016","Hawaii","Other diseases of the circulatory system","844"
"2016","Hawaii","Ischemic heart disease","1260"
"2016","Idaho","Other diseases of the respiratory system","24"
"2016","Idaho","Diabetes","80"
"2016","Idaho","Heart failure","104"
"2016","Idaho","Other diseases of the circulatory system","937"
"2016","Idaho","Chronic lower respiratory disease","823"
"2016","Idaho","Influenza and pneumonia","25"
"2016","Idaho","Alzheimer disease and dementia","1284"
"2016","Idaho","Malignant neoplasms","2844"
"2016","Idaho","Cerebrovascular diseases","590"
"2016","Idaho","Ischemic heart disease","1615"
"2016","Illinois","Renal failure","2364"
"2016","Illinois","Malignant neoplasms","23762"
"2016","Illinois","Heart failure","3813"
"2016","Illinois","Chronic lower respiratory disease","5461"
"2016","Illinois","Other diseases of the circulatory system","6916"
"2016","Illinois","Sepsis","1606"
"2016","Illinois","Hypertensive diseases","3081"
"2016","Illinois","Cerebrovascular diseases","5396"
"2016","Illinois","Alzheimer disease and dementia","9598"
"2016","Illinois","Ischemic heart disease","12737"
"2016","Illinois","Other diseases of the respiratory system","2396"
"2016","Illinois","Influenza and pneumonia","2058"
"2016","Illinois","Diabetes","2685"
"2016","Indiana","Chronic lower respiratory disease","4274"
"2016","Indiana","Malignant neoplasms","13346"
"2016","Indiana","Influenza and pneumonia","960"
"2016","Indiana","Sepsis","1260"
"2016","Indiana","Cerebrovascular diseases","3043"
"2016","Indiana","Alzheimer disease and dementia","6072"
"2016","Indiana","Hypertensive diseases","1571"
"2016","Indiana","Other diseases of the respiratory system","1745"
"2016","Indiana","Other diseases of the circulatory system","4119"
"2016","Indiana","Ischemic heart disease","7978"
"2016","Indiana","Renal failure","1412"
"2016","Indiana","Heart failure","1803"
"2016","Indiana","Diabetes","2009"
"2016","Iowa","Diabetes","809"
"2016","Iowa","Alzheimer disease and dementia","2929"
"2016","Iowa","Heart failure","245"
"2016","Iowa","Influenza and pneumonia","192"
"2016","Iowa","Other diseases of the circulatory system","1810"
"2016","Iowa","Ischemic heart disease","4299"
"2016","Iowa","Other diseases of the respiratory system","544"
"2016","Iowa","Sepsis","22"
"2016","Iowa","Malignant neoplasms","6335"
"2016","Iowa","Chronic lower respiratory disease","1968"
"2016","Iowa","Renal failure","11"
"2016","Iowa","Cerebrovascular diseases","1381"
"2016","Iowa","Hypertensive diseases","886"
"2016","Kansas","Chronic lower respiratory disease","1624"
"2016","Kansas","Influenza and pneumonia","307"
"2016","Kansas","Cerebrovascular diseases","1277"
"2016","Kansas","Hypertensive diseases","261"
"2016","Kansas","Sepsis","60"
"2016","Kansas","Diabetes","604"
"2016","Kansas","Malignant neoplasms","5227"
"2016","Kansas","Ischemic heart disease","3030"
"2016","Kansas","Renal failure","196"
"2016","Kansas","Heart failure","850"
"2016","Kansas","Alzheimer disease and dementia","2501"
"2016","Kansas","Other diseases of the respiratory system","498"
"2016","Kansas","Other diseases of the circulatory system","1941"
"2016","Kentucky","Other diseases of the respiratory system","1344"
"2016","Kentucky","Influenza and pneumonia","801"
"2016","Kentucky","Alzheimer disease and dementia","3998"
"2016","Kentucky","Malignant neoplasms","10364"
"2016","Kentucky","Chronic lower respiratory disease","3438"
"2016","Kentucky","Ischemic heart disease","5547"
"2016","Kentucky","Hypertensive diseases","1166"
"2016","Kentucky","Cerebrovascular diseases","2018"
"2016","Kentucky","Renal failure","993"
"2016","Kentucky","Sepsis","864"
"2016","Kentucky","Other diseases of the circulatory system","2966"
"2016","Kentucky","Diabetes","1486"
"2016","Kentucky","Heart failure","1531"
"2016","Louisiana","Renal failure","1135"
"2016","Louisiana","Cerebrovascular diseases","2326"
"2016","Louisiana","Ischemic heart disease","5173"
"2016","Louisiana","Influenza and pneumonia","630"
"2016","Louisiana","Chronic lower respiratory disease","2219"
"2016","Louisiana","Sepsis","1001"
"2016","Louisiana","Alzheimer disease and dementia","3426"
"2016","Louisiana","Other diseases of the circulatory system","2925"
"2016","Louisiana","Other diseases of the respiratory system","1189"
"2016","Louisiana","Diabetes","1315"
"2016","Louisiana","Malignant neoplasms","9059"
"2016","Louisiana","Hypertensive diseases","1492"
"2016","Louisiana","Heart failure","2113"
"2016","Maine","Alzheimer disease and dementia","1572"
"2016","Maine","Ischemic heart disease","1551"
"2016","Maine","Cerebrovascular diseases","500"
"2016","Maine","Influenza and pneumonia","20"
"2016","Maine","Malignant neoplasms","3246"
"2016","Maine","Heart failure","11"
"2016","Maine","Other diseases of the circulatory system","970"
"2016","Maine","Diabetes","182"
"2016","Maine","Chronic lower respiratory disease","873"
"2016","Maine","Other diseases of the respiratory system","36"
"2016","Maryland","Renal failure","752"
"2016","Maryland","Heart failure","843"
"2016","Maryland","Other diseases of the circulatory system","3302"
"2016","Maryland","Diabetes","1343"
"2016","Maryland","Chronic lower respiratory disease","2056"
"2016","Maryland","Cerebrovascular diseases","2630"
"2016","Maryland","Hypertensive diseases","1962"
"2016","Maryland","Sepsis","893"
"2016","Maryland","Ischemic heart disease","6361"
"2016","Maryland","Alzheimer disease and dementia","4376"
"2016","Maryland","Influenza and pneumonia","1018"
"2016","Maryland","Malignant neoplasms","10738"
"2016","Maryland","Other diseases of the respiratory system","943"
"2016","Massachusetts","Cerebrovascular diseases","2460"
"2016","Massachusetts","Malignant neoplasms","12839"
"2016","Massachusetts","Heart failure","1929"
"2016","Massachusetts","Alzheimer disease and dementia","6917"
"2016","Massachusetts","Renal failure","1135"
"2016","Massachusetts","Ischemic heart disease","6183"
"2016","Massachusetts","Influenza and pneumonia","1257"
"2016","Massachusetts","Hypertensive diseases","1197"
"2016","Massachusetts","Chronic lower respiratory disease","2636"
"2016","Massachusetts","Sepsis","859"
"2016","Massachusetts","Diabetes","1234"
"2016","Massachusetts","Other diseases of the circulatory system","3727"
"2016","Massachusetts","Other diseases of the respiratory system","1415"
"2016","Michigan","Diabetes","2622"
"2016","Michigan","Hypertensive diseases","3039"
"2016","Michigan","Renal failure","1722"
"2016","Michigan","Other diseases of the respiratory system","1748"
"2016","Michigan","Alzheimer disease and dementia","8136"
"2016","Michigan","Ischemic heart disease","14674"
"2016","Michigan","Heart failure","3406"
"2016","Michigan","Sepsis","1200"
"2016","Michigan","Chronic lower respiratory disease","5478"
"2016","Michigan","Malignant neoplasms","20509"
"2016","Michigan","Cerebrovascular diseases","4778"
"2016","Michigan","Influenza and pneumonia","1647"
"2016","Michigan","Other diseases of the circulatory system","5709"
"2016","Minnesota","Cerebrovascular diseases","2152"
"2016","Minnesota","Influenza and pneumonia","280"
"2016","Minnesota","Chronic lower respiratory disease","2339"
"2016","Minnesota","Ischemic heart disease","3931"
"2016","Minnesota","Alzheimer disease and dementia","5479"
"2016","Minnesota","Other diseases of the respiratory system","807"
"2016","Minnesota","Heart failure","1112"
"2016","Minnesota","Renal failure","338"
"2016","Minnesota","Diabetes","1266"
"2016","Minnesota","Malignant neoplasms","9906"
"2016","Minnesota","Other diseases of the circulatory system","2858"
"2016","Minnesota","Sepsis","119"
"2016","Minnesota","Hypertensive diseases","906"
"2016","Mississippi","Chronic lower respiratory disease","2090"
"2016","Mississippi","Other diseases of the circulatory system","1927"
"2016","Mississippi","Cerebrovascular diseases","1621"
"2016","Mississippi","Malignant neoplasms","6372"
"2016","Mississippi","Diabetes","1071"
"2016","Mississippi","Alzheimer disease and dementia","2203"
"2016","Mississippi","Influenza and pneumonia","671"
"2016","Mississippi","Other diseases of the respiratory system","738"
"2016","Mississippi","Heart failure","1437"
"2016","Mississippi","Ischemic heart disease","3554"
"2016","Mississippi","Hypertensive diseases","1496"
"2016","Mississippi","Renal failure","710"
"2016","Mississippi","Sepsis","426"
"2016","Missouri","Sepsis","834"
"2016","Missouri","Hypertensive diseases","1427"
"2016","Missouri","Alzheimer disease and dementia","4804"
"2016","Missouri","Other diseases of the respiratory system","1718"
"2016","Missouri","Other diseases of the circulatory system","3937"
"2016","Missouri","Diabetes","1533"
"2016","Missouri","Chronic lower respiratory disease","3996"
"2016","Missouri","Malignant neoplasms","13092"
"2016","Missouri","Heart failure","2377"
"2016","Missouri","Renal failure","1554"
"2016","Missouri","Influenza and pneumonia","1175"
"2016","Missouri","Cerebrovascular diseases","3244"
"2016","Missouri","Ischemic heart disease","8294"
"2016","Montana","Cerebrovascular diseases","187"
"2016","Montana","Ischemic heart disease","1189"
"2016","Montana","Alzheimer disease and dementia","917"
"2016","Montana","Influenza and pneumonia","15"
"2016","Montana","Heart failure","79"
"2016","Montana","Other diseases of the circulatory system","482"
"2016","Montana","Malignant neoplasms","2004"
"2016","Montana","Diabetes","13"
"2016","Montana","Chronic lower respiratory disease","613"
"2016","Nebraska","Alzheimer disease and dementia","1674"
"2016","Nebraska","Influenza and pneumonia","123"
"2016","Nebraska","Hypertensive diseases","133"
"2016","Nebraska","Cerebrovascular diseases","734"
"2016","Nebraska","Malignant neoplasms","3494"
"2016","Nebraska","Other diseases of the circulatory system","1152"
"2016","Nebraska","Heart failure","280"
"2016","Nebraska","Chronic lower respiratory disease","1104"
"2016","Nebraska","Other diseases of the respiratory system","54"
"2016","Nebraska","Diabetes","265"
"2016","Nebraska","Ischemic heart disease","1730"
"2016","Nevada","Other diseases of the respiratory system","25"
"2016","Nevada","Influenza and pneumonia","411"
"2016","Nevada","Hypertensive diseases","961"
"2016","Nevada","Heart failure","83"
"2016","Nevada","Chronic lower respiratory disease","1796"
"2016","Nevada","Other diseases of the circulatory system","1956"
"2016","Nevada","Diabetes","434"
"2016","Nevada","Malignant neoplasms","5182"
"2016","Nevada","Cerebrovascular diseases","1157"
"2016","Nevada","Alzheimer disease and dementia","1487"
"2016","Nevada","Ischemic heart disease","3935"
"2016","Nevada","Renal failure","11"
"2016","New Hampshire","Diabetes","35"
"2016","New Hampshire","Hypertensive diseases","11"
"2016","New Hampshire","Ischemic heart disease","1441"
"2016","New Hampshire","Malignant neoplasms","2748"
"2016","New Hampshire","Other diseases of the respiratory system","12"
"2016","New Hampshire","Other diseases of the circulatory system","725"
"2016","New Hampshire","Chronic lower respiratory disease","561"
"2016","New Hampshire","Cerebrovascular diseases","172"
"2016","New Hampshire","Alzheimer disease and dementia","1279"
"2016","New Hampshire","Heart failure","61"
"2016","New Jersey","Sepsis","1883"
"2016","New Jersey","Renal failure","1504"
"2016","New Jersey","Alzheimer disease and dementia","5899"
"2016","New Jersey","Chronic lower respiratory disease","3037"
"2016","New Jersey","Malignant neoplasms","15948"
"2016","New Jersey","Other diseases of the circulatory system","5617"
"2016","New Jersey","Ischemic heart disease","10421"
"2016","New Jersey","Cerebrovascular diseases","3305"
"2016","New Jersey","Heart failure","2089"
"2016","New Jersey","Other diseases of the respiratory system","2645"
"2016","New Jersey","Diabetes","1939"
"2016","New Jersey","Hypertensive diseases","1714"
"2016","New Jersey","Influenza and pneumonia","1172"
"2016","New Mexico","Influenza and pneumonia","95"
"2016","New Mexico","Malignant neoplasms","3437"
"2016","New Mexico","Other diseases of the circulatory system","718"
"2016","New Mexico","Ischemic heart disease","2460"
"2016","New Mexico","Chronic lower respiratory disease","1098"
"2016","New Mexico","Hypertensive diseases","14"
"2016","New Mexico","Cerebrovascular diseases","747"
"2016","New Mexico","Heart failure","96"
"2016","New Mexico","Alzheimer disease and dementia","1371"
"2016","New Mexico","Diabetes","518"
"2016","New Mexico","Other diseases of the respiratory system","37"
"2016","New York","Alzheimer disease and dementia","7564"
"2016","New York","Chronic lower respiratory disease","4998"
"2016","New York","Hypertensive diseases","2598"
"2016","New York","Other diseases of the respiratory system","2331"
"2016","New York","Heart failure","2948"
"2016","New York","Influenza and pneumonia","2387"
"2016","New York","Ischemic heart disease","16395"
"2016","New York","Diabetes","2176"
"2016","New York","Malignant neoplasms","21491"
"2016","New York","Sepsis","2002"
"2016","New York","Cerebrovascular diseases","4189"
"2016","New York","Renal failure","1831"
"2016","New York","Other diseases of the circulatory system","6608"
"2016","New York City","Other diseases of the respiratory system","378"
"2016","New York City","Heart failure","86"
"2016","New York City","Diabetes","1803"
"2016","New York City","Hypertensive diseases","3661"
"2016","New York City","Malignant neoplasms","13462"
"2016","New York City","Sepsis","115"
"2016","New York City","Cerebrovascular diseases","1836"
"2016","New York City","Influenza and pneumonia","2037"
"2016","New York City","Renal failure","97"
"2016","New York City","Ischemic heart disease","12947"
"2016","New York City","Alzheimer disease and dementia","3047"
"2016","New York City","Other diseases of the circulatory system","1772"
"2016","New York City","Chronic lower respiratory disease","1666"
"2016","North Carolina","Ischemic heart disease","10258"
"2016","North Carolina","Diabetes","2803"
"2016","North Carolina","Other diseases of the respiratory system","2188"
"2016","North Carolina","Cerebrovascular diseases","4979"
"2016","North Carolina","Influenza and pneumonia","1896"
"2016","North Carolina","Chronic lower respiratory disease","5330"
"2016","North Carolina","Sepsis","1562"
"2016","North Carolina","Alzheimer disease and dementia","9318"
"2016","North Carolina","Malignant neoplasms","19738"
"2016","North Carolina","Other diseases of the circulatory system","5114"
"2016","North Carolina","Hypertensive diseases","2167"
"2016","North Carolina","Renal failure","2009"
"2016","North Carolina","Heart failure","2629"
"2016","North Dakota","Other diseases of the circulatory system","169"
"2016","North Dakota","Ischemic heart disease","801"
"2016","North Dakota","Malignant neoplasms","1357"
"2016","North Dakota","Chronic lower respiratory disease","70"
"2016","North Dakota","Alzheimer disease and dementia","449"
"2016","North Dakota","Cerebrovascular diseases","116"
"2016","Ohio","Influenza and pneumonia","2175"
"2016","Ohio","Sepsis","1960"
"2016","Ohio","Renal failure","2211"
"2016","Ohio","Chronic lower respiratory disease","6957"
"2016","Ohio","Other diseases of the respiratory system","2928"
"2016","Ohio","Malignant neoplasms","25378"
"2016","Ohio","Hypertensive diseases","3327"
"2016","Ohio","Other diseases of the circulatory system","7948"
"2016","Ohio","Cerebrovascular diseases","5951"
"2016","Ohio","Heart failure","3647"
"2016","Ohio","Diabetes","3532"
"2016","Ohio","Ischemic heart disease","15010"
"2016","Ohio","Alzheimer disease and dementia","11275"
"2016","Oklahoma","Other diseases of the respiratory system","455"
"2016","Oklahoma","Renal failure","246"
"2016","Oklahoma","Ischemic heart disease","5758"
"2016","Oklahoma","Malignant neoplasms","7873"
"2016","Oklahoma","Alzheimer disease and dementia","2845"
"2016","Oklahoma","Diabetes","1353"
"2016","Oklahoma","Sepsis","166"
"2016","Oklahoma","Influenza and pneumonia","322"
"2016","Oklahoma","Hypertensive diseases","2586"
"2016","Oklahoma","Chronic lower respiratory disease","2689"
"2016","Oklahoma","Cerebrovascular diseases","1767"
"2016","Oklahoma","Other diseases of the circulatory system","1652"
"2016","Oklahoma","Heart failure","640"
"2016","Oregon","Ischemic heart disease","3473"
"2016","Oregon","Sepsis","12"
"2016","Oregon","Influenza and pneumonia","206"
"2016","Oregon","Other diseases of the circulatory system","2488"
"2016","Oregon","Diabetes","1229"
"2016","Oregon","Heart failure","1020"
"2016","Oregon","Chronic lower respiratory disease","2066"
"2016","Oregon","Renal failure","49"
"2016","Oregon","Alzheimer disease and dementia","3956"
"2016","Oregon","Other diseases of the respiratory system","412"
"2016","Oregon","Hypertensive diseases","869"
"2016","Oregon","Cerebrovascular diseases","1949"
"2016","Oregon","Malignant neoplasms","8053"
"2016","Pennsylvania","Other diseases of the circulatory system","9600"
"2016","Pennsylvania","Chronic lower respiratory disease","6499"
"2016","Pennsylvania","Sepsis","2472"
"2016","Pennsylvania","Renal failure","2784"
"2016","Pennsylvania","Ischemic heart disease","17763"
"2016","Pennsylvania","Hypertensive diseases","2705"
"2016","Pennsylvania","Other diseases of the respiratory system","3844"
"2016","Pennsylvania","Cerebrovascular diseases","6841"
"2016","Pennsylvania","Heart failure","4535"
"2016","Pennsylvania","Influenza and pneumonia","2494"
"2016","Pennsylvania","Alzheimer disease and dementia","12133"
"2016","Pennsylvania","Malignant neoplasms","28709"
"2016","Pennsylvania","Diabetes","3548"
"2016","Puerto Rico","Influenza and pneumonia","737"
"2016","Puerto Rico","Other diseases of the circulatory system","883"
"2016","Puerto Rico","Diabetes","3120"
"2016","Puerto Rico","Alzheimer disease and dementia","2535"
"2016","Puerto Rico","Chronic lower respiratory disease","1141"
"2016","Puerto Rico","Cerebrovascular diseases","1161"
"2016","Puerto Rico","Sepsis","613"
"2016","Puerto Rico","Hypertensive diseases","1248"
"2016","Puerto Rico","Heart failure","265"
"2016","Puerto Rico","Renal failure","814"
"2016","Puerto Rico","Other diseases of the respiratory system","551"
"2016","Puerto Rico","Malignant neoplasms","5106"
"2016","Puerto Rico","Ischemic heart disease","3364"
"2016","Rhode Island","Other diseases of the respiratory system","12"
"2016","Rhode Island","Chronic lower respiratory disease","215"
"2016","Rhode Island","Diabetes","12"
"2016","Rhode Island","Malignant neoplasms","2203"
"2016","Rhode Island","Ischemic heart disease","1503"
"2016","Rhode Island","Cerebrovascular diseases","176"
"2016","Rhode Island","Alzheimer disease and dementia","1268"
"2016","Rhode Island","Other diseases of the circulatory system","204"
"2016","Rhode Island","Hypertensive diseases","12"
"2016","South Carolina","Sepsis","768"
"2016","South Carolina","Diabetes","1346"
"2016","South Carolina","Other diseases of the respiratory system","1151"
"2016","South Carolina","Hypertensive diseases","1094"
"2016","South Carolina","Influenza and pneumonia","517"
"2016","South Carolina","Malignant neoplasms","9994"
"2016","South Carolina","Chronic lower respiratory disease","2823"
"2016","South Carolina","Cerebrovascular diseases","2551"
"2016","South Carolina","Ischemic heart disease","5136"
"2016","South Carolina","Heart failure","1286"
"2016","South Carolina","Renal failure","799"
"2016","South Carolina","Other diseases of the circulatory system","3498"
"2016","South Carolina","Alzheimer disease and dementia","4669"
"2016","South Dakota","Cerebrovascular diseases","163"
"2016","South Dakota","Malignant neoplasms","1708"
"2016","South Dakota","Chronic lower respiratory disease","183"
"2016","South Dakota","Alzheimer disease and dementia","550"
"2016","South Dakota","Other diseases of the circulatory system","216"
"2016","South Dakota","Ischemic heart disease","1158"
"2016","Tennessee","Chronic lower respiratory disease","4459"
"2016","Tennessee","Cerebrovascular diseases","3883"
"2016","Tennessee","Malignant neoplasms","14994"
"2016","Tennessee","Alzheimer disease and dementia","6498"
"2016","Tennessee","Heart failure","1509"
"2016","Tennessee","Sepsis","1048"
"2016","Tennessee","Ischemic heart disease","9930"
"2016","Tennessee","Diabetes","1945"
"2016","Tennessee","Renal failure","1188"
"2016","Tennessee","Other diseases of the respiratory system","1686"
"2016","Tennessee","Influenza and pneumonia","1665"
"2016","Tennessee","Other diseases of the circulatory system","3913"
"2016","Tennessee","Hypertensive diseases","2043"
"2016","Texas","Sepsis","4309"
"2016","Texas","Heart failure","5454"
"2016","Texas","Influenza and pneumonia","2904"
"2016","Texas","Alzheimer disease and dementia","17685"
"2016","Texas","Diabetes","5507"
"2016","Texas","Renal failure","4094"
"2016","Texas","Hypertensive diseases","5801"
"2016","Texas","Cerebrovascular diseases","10818"
"2016","Texas","Chronic lower respiratory disease","10171"
"2016","Texas","Ischemic heart disease","25053"
"2016","Texas","Other diseases of the circulatory system","11687"
"2016","Texas","Other diseases of the respiratory system","4527"
"2016","Texas","Malignant neoplasms","40525"
"2016","United States","Heart failure","77704"
"2016","United States","Diabetes","79653"
"2016","United States","Other diseases of the circulatory system","173208"
"2016","United States","Influenza and pneumonia","51246"
"2016","United States","Ischemic heart disease","362137"
"2016","United States","Hypertensive diseases","82625"
"2016","United States","Cerebrovascular diseases","141533"
"2016","United States","Sepsis","40416"
"2016","United States","Malignant neoplasms","595172"
"2016","United States","Renal failure","48831"
"2016","United States","Chronic lower respiratory disease","153667"
"2016","United States","Other diseases of the respiratory system","62081"
"2016","United States","Alzheimer disease and dementia","248101"
"2016","Utah","Influenza and pneumonia","170"
"2016","Utah","Hypertensive diseases","22"
"2016","Utah","Other diseases of the respiratory system","84"
"2016","Utah","Alzheimer disease and dementia","1766"
"2016","Utah","Ischemic heart disease","1678"
"2016","Utah","Chronic lower respiratory disease","815"
"2016","Utah","Renal failure","82"
"2016","Utah","Cerebrovascular diseases","948"
"2016","Utah","Heart failure","869"
"2016","Utah","Other diseases of the circulatory system","1205"
"2016","Utah","Diabetes","480"
"2016","Utah","Malignant neoplasms","3201"
"2016","Vermont","Malignant neoplasms","1327"
"2016","Vermont","Other diseases of the circulatory system","26"
"2016","Vermont","Alzheimer disease and dementia","519"
"2016","Vermont","Cerebrovascular diseases","14"
"2016","Vermont","Chronic lower respiratory disease","61"
"2016","Vermont","Ischemic heart disease","866"
"2016","Virginia","Other diseases of the respiratory system","1720"
"2016","Virginia","Sepsis","1205"
"2016","Virginia","Heart failure","2123"
"2016","Virginia","Malignant neoplasms","14708"
"2016","Virginia","Diabetes","2029"
"2016","Virginia","Other diseases of the circulatory system","4382"
"2016","Virginia","Alzheimer disease and dementia","6517"
"2016","Virginia","Hypertensive diseases","1428"
"2016","Virginia","Renal failure","1481"
"2016","Virginia","Ischemic heart disease","7381"
"2016","Virginia","Influenza and pneumonia","1101"
"2016","Virginia","Cerebrovascular diseases","3446"
"2016","Virginia","Chronic lower respiratory disease","3148"
"2016","Washington","Hypertensive diseases","1619"
"2016","Washington","Ischemic heart disease","6374"
"2016","Washington","Sepsis","258"
"2016","Washington","Diabetes","1698"
"2016","Washington","Heart failure","544"
"2016","Washington","Cerebrovascular diseases","2909"
"2016","Washington","Malignant neoplasms","12619"
"2016","Washington","Alzheimer disease and dementia","5673"
"2016","Washington","Chronic lower respiratory disease","3023"
"2016","Washington","Influenza and pneumonia","719"
"2016","Washington","Other diseases of the respiratory system","1325"
"2016","Washington","Renal failure","134"
"2016","Washington","Other diseases of the circulatory system","3646"
"2016","West Virginia","Heart failure","320"
"2016","West Virginia","Other diseases of the circulatory system","1109"
"2016","West Virginia","Influenza and pneumonia","138"
"2016","West Virginia","Diabetes","819"
"2016","West Virginia","Hypertensive diseases","162"
"2016","West Virginia","Sepsis","25"
"2016","West Virginia","Malignant neoplasms","4560"
"2016","West Virginia","Other diseases of the respiratory system","125"
"2016","West Virginia","Chronic lower respiratory disease","1569"
"2016","West Virginia","Ischemic heart disease","3056"
"2016","West Virginia","Renal failure","151"
"2016","West Virginia","Alzheimer disease and dementia","1710"
"2016","West Virginia","Cerebrovascular diseases","959"
"2016","Wisconsin","Chronic lower respiratory disease","2759"
"2016","Wisconsin","Cerebrovascular diseases","2440"
"2016","Wisconsin","Hypertensive diseases","1274"
"2016","Wisconsin","Renal failure","912"
"2016","Wisconsin","Diabetes","1417"
"2016","Wisconsin","Ischemic heart disease","6354"
"2016","Wisconsin","Other diseases of the circulatory system","3371"
"2016","Wisconsin","Alzheimer disease and dementia","5330"
"2016","Wisconsin","Malignant neoplasms","11378"
"2016","Wisconsin","Influenza and pneumonia","846"
"2016","Wisconsin","Heart failure","1483"
"2016","Wisconsin","Other diseases of the respiratory system","1091"
"2016","Wisconsin","Sepsis","311"
"2016","Wyoming","Ischemic heart disease","354"
"2016","Wyoming","Malignant neoplasms","832"
"2016","Wyoming","Alzheimer disease and dementia","23"
"2016","Wyoming","Other diseases of the circulatory system","23"
"2016","Wyoming","Chronic lower respiratory disease","22"
"2017","Alabama","Other diseases of the circulatory system","5347"
"2017","Alabama","Cerebrovascular diseases","2847"
"2017","Alabama","Other diseases of the respiratory system","1390"
"2017","Alabama","Ischemic heart disease","4876"
"2017","Alabama","Hypertensive diseases","1318"
"2017","Alabama","Malignant neoplasms","10155"
"2017","Alabama","Influenza and pneumonia","1149"
"2017","Alabama","Alzheimer disease and dementia","4726"
"2017","Alabama","Sepsis","1005"
"2017","Alabama","Heart failure","2437"
"2017","Alabama","Diabetes","1133"
"2017","Alabama","Renal failure","914"
"2017","Alabama","Chronic lower respiratory disease","3404"
"2017","Alaska","Ischemic heart disease","222"
"2017","Alaska","Malignant neoplasms","847"
"2017","Alaska","Other diseases of the circulatory system","11"
"2017","Arizona","Other diseases of the respiratory system","1138"
"2017","Arizona","Heart failure","726"
"2017","Arizona","Sepsis","213"
"2017","Arizona","Malignant neoplasms","12090"
"2017","Arizona","Cerebrovascular diseases","2686"
"2017","Arizona","Diabetes","2056"
"2017","Arizona","Influenza and pneumonia","792"
"2017","Arizona","Alzheimer disease and dementia","5041"
"2017","Arizona","Other diseases of the circulatory system","3039"
"2017","Arizona","Hypertensive diseases","2328"
"2017","Arizona","Renal failure","310"
"2017","Arizona","Chronic lower respiratory disease","3824"
"2017","Arizona","Ischemic heart disease","7979"
"2017","Arkansas","Influenza and pneumonia","466"
"2017","Arkansas","Malignant neoplasms","6414"
"2017","Arkansas","Other diseases of the respiratory system","301"
"2017","Arkansas","Renal failure","556"
"2017","Arkansas","Diabetes","1152"
"2017","Arkansas","Other diseases of the circulatory system","1447"
"2017","Arkansas","Cerebrovascular diseases","1527"
"2017","Arkansas","Ischemic heart disease","5131"
"2017","Arkansas","Heart failure","884"
"2017","Arkansas","Chronic lower respiratory disease","2466"
"2017","Arkansas","Sepsis","134"
"2017","Arkansas","Hypertensive diseases","1282"
"2017","Arkansas","Alzheimer disease and dementia","2727"
"2017","California","Malignant neoplasms","59649"
"2017","California","Diabetes","9574"
"2017","California","Influenza and pneumonia","6296"
"2017","California","Other diseases of the respiratory system","4695"
"2017","California","Alzheimer disease and dementia","24951"
"2017","California","Ischemic heart disease","38363"
"2017","California","Sepsis","1515"
"2017","California","Renal failure","3783"
"2017","California","Cerebrovascular diseases","16348"
"2017","California","Other diseases of the circulatory system","14209"
"2017","California","Heart failure","7215"
"2017","California","Chronic lower respiratory disease","13846"
"2017","California","Hypertensive diseases","11671"
"2017","Colorado","Sepsis","271"
"2017","Colorado","Other diseases of the circulatory system","2345"
"2017","Colorado","Influenza and pneumonia","407"
"2017","Colorado","Malignant neoplasms","7844"
"2017","Colorado","Diabetes","1027"
"2017","Colorado","Renal failure","272"
"2017","Colorado","Cerebrovascular diseases","2024"
"2017","Colorado","Hypertensive diseases","1024"
"2017","Colorado","Ischemic heart disease","3742"
"2017","Colorado","Other diseases of the respiratory system","889"
"2017","Colorado","Alzheimer disease and dementia","3823"
"2017","Colorado","Heart failure","800"
"2017","Colorado","Chronic lower respiratory disease","2597"
"2017","Connecticut","Chronic lower respiratory disease","1477"
"2017","Connecticut","Malignant neoplasms","6694"
"2017","Connecticut","Heart failure","992"
"2017","Connecticut","Renal failure","343"
"2017","Connecticut","Other diseases of the circulatory system","2367"
"2017","Connecticut","Sepsis","466"
"2017","Connecticut","Diabetes","584"
"2017","Connecticut","Hypertensive diseases","631"
"2017","Connecticut","Ischemic heart disease","3792"
"2017","Connecticut","Influenza and pneumonia","549"
"2017","Connecticut","Cerebrovascular diseases","1409"
"2017","Connecticut","Other diseases of the respiratory system","1061"
"2017","Connecticut","Alzheimer disease and dementia","3378"
"2017","Delaware","Ischemic heart disease","1138"
"2017","Delaware","Chronic lower respiratory disease","274"
"2017","Delaware","Other diseases of the circulatory system","459"
"2017","Delaware","Malignant neoplasms","2083"
"2017","Delaware","Alzheimer disease and dementia","717"
"2017","Delaware","Hypertensive diseases","11"
"2017","Delaware","Cerebrovascular diseases","414"
"2017","District of Columbia","Malignant neoplasms","1341"
"2017","District of Columbia","Ischemic heart disease","850"
"2017","District of Columbia","Cerebrovascular diseases","37"
"2017","District of Columbia","Hypertensive diseases","98"
"2017","District of Columbia","Alzheimer disease and dementia","47"
"2017","District of Columbia","Other diseases of the circulatory system","46"
"2017","Florida","Diabetes","6179"
"2017","Florida","Hypertensive diseases","6609"
"2017","Florida","Other diseases of the respiratory system","3879"
"2017","Florida","Cerebrovascular diseases","12797"
"2017","Florida","Alzheimer disease and dementia","17383"
"2017","Florida","Influenza and pneumonia","3093"
"2017","Florida","Other diseases of the circulatory system","11723"
"2017","Florida","Renal failure","3152"
"2017","Florida","Malignant neoplasms","44875"
"2017","Florida","Ischemic heart disease","29844"
"2017","Florida","Sepsis","2513"
"2017","Florida","Heart failure","3919"
"2017","Florida","Chronic lower respiratory disease","12697"
"2017","Georgia","Diabetes","2365"
"2017","Georgia","Influenza and pneumonia","1447"
"2017","Georgia","Alzheimer disease and dementia","7714"
"2017","Georgia","Hypertensive diseases","3446"
"2017","Georgia","Chronic lower respiratory disease","4865"
"2017","Georgia","Cerebrovascular diseases","4371"
"2017","Georgia","Heart failure","3398"
"2017","Georgia","Other diseases of the circulatory system","5787"
"2017","Georgia","Renal failure","1916"
"2017","Georgia","Ischemic heart disease","7705"
"2017","Georgia","Sepsis","1641"
"2017","Georgia","Other diseases of the respiratory system","2445"
"2017","Georgia","Malignant neoplasms","17269"
"2017","Hawaii","Other diseases of the circulatory system","924"
"2017","Hawaii","Malignant neoplasms","2424"
"2017","Hawaii","Hypertensive diseases","46"
"2017","Hawaii","Alzheimer disease and dementia","1149"
"2017","Hawaii","Influenza and pneumonia","513"
"2017","Hawaii","Chronic lower respiratory disease","65"
"2017","Hawaii","Heart failure","22"
"2017","Hawaii","Cerebrovascular diseases","685"
"2017","Hawaii","Ischemic heart disease","1307"
"2017","Idaho","Chronic lower respiratory disease","899"
"2017","Idaho","Cerebrovascular diseases","591"
"2017","Idaho","Influenza and pneumonia","53"
"2017","Idaho","Malignant neoplasms","3005"
"2017","Idaho","Alzheimer disease and dementia","1372"
"2017","Idaho","Heart failure","156"
"2017","Idaho","Diabetes","122"
"2017","Idaho","Other diseases of the respiratory system","47"
"2017","Idaho","Other diseases of the circulatory system","907"
"2017","Idaho","Ischemic heart disease","1607"
"2017","Illinois","Ischemic heart disease","12453"
"2017","Illinois","Alzheimer disease and dementia","10020"
"2017","Illinois","Renal failure","2422"
"2017","Illinois","Malignant neoplasms","23583"
"2017","Illinois","Sepsis","1719"
"2017","Illinois","Other diseases of the circulatory system","7328"
"2017","Illinois","Hypertensive diseases","3294"
"2017","Illinois","Other diseases of the respiratory system","2464"
"2017","Illinois","Cerebrovascular diseases","5791"
"2017","Illinois","Chronic lower respiratory disease","5585"
"2017","Illinois","Influenza and pneumonia","2326"
"2017","Illinois","Heart failure","4023"
"2017","Illinois","Diabetes","2847"
"2017","Indiana","Other diseases of the respiratory system","1694"
"2017","Indiana","Influenza and pneumonia","1014"
"2017","Indiana","Cerebrovascular diseases","3119"
"2017","Indiana","Heart failure","1977"
"2017","Indiana","Alzheimer disease and dementia","6272"
"2017","Indiana","Diabetes","2140"
"2017","Indiana","Malignant neoplasms","13385"
"2017","Indiana","Hypertensive diseases","1750"
"2017","Indiana","Sepsis","1314"
"2017","Indiana","Ischemic heart disease","8077"
"2017","Indiana","Renal failure","1465"
"2017","Indiana","Chronic lower respiratory disease","4426"
"2017","Indiana","Other diseases of the circulatory system","4288"
"2017","Iowa","Malignant neoplasms","6402"
"2017","Iowa","Renal failure","85"
"2017","Iowa","Sepsis","59"
"2017","Iowa","Ischemic heart disease","4365"
"2017","Iowa","Diabetes","909"
"2017","Iowa","Alzheimer disease and dementia","3258"
"2017","Iowa","Chronic lower respiratory disease","1927"
"2017","Iowa","Other diseases of the respiratory system","635"
"2017","Iowa","Cerebrovascular diseases","1386"
"2017","Iowa","Hypertensive diseases","931"
"2017","Iowa","Influenza and pneumonia","326"
"2017","Iowa","Heart failure","525"
"2017","Iowa","Other diseases of the circulatory system","1882"
"2017","Kansas","Hypertensive diseases","502"
"2017","Kansas","Influenza and pneumonia","268"
"2017","Kansas","Renal failure","240"
"2017","Kansas","Chronic lower respiratory disease","1770"
"2017","Kansas","Alzheimer disease and dementia","2573"
"2017","Kansas","Malignant neoplasms","5191"
"2017","Kansas","Ischemic heart disease","3281"
"2017","Kansas","Other diseases of the circulatory system","1851"
"2017","Kansas","Diabetes","815"
"2017","Kansas","Cerebrovascular diseases","1256"
"2017","Kansas","Sepsis","25"
"2017","Kansas","Heart failure","619"
"2017","Kansas","Other diseases of the respiratory system","435"
"2017","Kentucky","Hypertensive diseases","1225"
"2017","Kentucky","Chronic lower respiratory disease","3465"
"2017","Kentucky","Malignant neoplasms","10215"
"2017","Kentucky","Sepsis","959"
"2017","Kentucky","Other diseases of the respiratory system","1311"
"2017","Kentucky","Alzheimer disease and dementia","4263"
"2017","Kentucky","Ischemic heart disease","5337"
"2017","Kentucky","Heart failure","1596"
"2017","Kentucky","Other diseases of the circulatory system","2946"
"2017","Kentucky","Cerebrovascular diseases","2021"
"2017","Kentucky","Influenza and pneumonia","858"
"2017","Kentucky","Renal failure","1002"
"2017","Kentucky","Diabetes","1491"
"2017","Louisiana","Sepsis","1106"
"2017","Louisiana","Chronic lower respiratory disease","2461"
"2017","Louisiana","Hypertensive diseases","1498"
"2017","Louisiana","Malignant neoplasms","9480"
"2017","Louisiana","Ischemic heart disease","5131"
"2017","Louisiana","Influenza and pneumonia","685"
"2017","Louisiana","Cerebrovascular diseases","2465"
"2017","Louisiana","Heart failure","2152"
"2017","Louisiana","Other diseases of the circulatory system","3176"
"2017","Louisiana","Renal failure","1030"
"2017","Louisiana","Other diseases of the respiratory system","1235"
"2017","Louisiana","Alzheimer disease and dementia","3543"
"2017","Louisiana","Diabetes","1271"
"2017","Maine","Other diseases of the circulatory system","895"
"2017","Maine","Other diseases of the respiratory system","11"
"2017","Maine","Alzheimer disease and dementia","1685"
"2017","Maine","Chronic lower respiratory disease","957"
"2017","Maine","Ischemic heart disease","1465"
"2017","Maine","Cerebrovascular diseases","693"
"2017","Maine","Hypertensive diseases","22"
"2017","Maine","Malignant neoplasms","3337"
"2017","Maine","Heart failure","90"
"2017","Maine","Diabetes","81"
"2017","Maine","Influenza and pneumonia","50"
"2017","Maryland","Alzheimer disease and dementia","4472"
"2017","Maryland","Other diseases of the respiratory system","980"
"2017","Maryland","Chronic lower respiratory disease","2064"
"2017","Maryland","Renal failure","789"
"2017","Maryland","Sepsis","874"
"2017","Maryland","Influenza and pneumonia","975"
"2017","Maryland","Malignant neoplasms","10678"
"2017","Maryland","Hypertensive diseases","1961"
"2017","Maryland","Other diseases of the circulatory system","3329"
"2017","Maryland","Heart failure","815"
"2017","Maryland","Diabetes","1453"
"2017","Maryland","Cerebrovascular diseases","2720"
"2017","Maryland","Ischemic heart disease","6582"
"2017","Massachusetts","Influenza and pneumonia","1464"
"2017","Massachusetts","Diabetes","1335"
"2017","Massachusetts","Malignant neoplasms","13280"
"2017","Massachusetts","Sepsis","871"
"2017","Massachusetts","Other diseases of the respiratory system","1609"
"2017","Massachusetts","Alzheimer disease and dementia","7603"
"2017","Massachusetts","Hypertensive diseases","1254"
"2017","Massachusetts","Chronic lower respiratory disease","2854"
"2017","Massachusetts","Renal failure","1177"
"2017","Massachusetts","Cerebrovascular diseases","2389"
"2017","Massachusetts","Heart failure","2134"
"2017","Massachusetts","Ischemic heart disease","6148"
"2017","Massachusetts","Other diseases of the circulatory system","3955"
"2017","Michigan","Renal failure","1819"
"2017","Michigan","Chronic lower respiratory disease","5604"
"2017","Michigan","Ischemic heart disease","14626"
"2017","Michigan","Sepsis","1209"
"2017","Michigan","Diabetes","2755"
"2017","Michigan","Alzheimer disease and dementia","8453"
"2017","Michigan","Other diseases of the respiratory system","1788"
"2017","Michigan","Cerebrovascular diseases","4893"
"2017","Michigan","Other diseases of the circulatory system","5600"
"2017","Michigan","Influenza and pneumonia","1765"
"2017","Michigan","Hypertensive diseases","3063"
"2017","Michigan","Heart failure","3620"
"2017","Michigan","Malignant neoplasms","20342"
"2017","Minnesota","Ischemic heart disease","4174"
"2017","Minnesota","Other diseases of the respiratory system","870"
"2017","Minnesota","Influenza and pneumonia","501"
"2017","Minnesota","Sepsis","58"
"2017","Minnesota","Hypertensive diseases","1036"
"2017","Minnesota","Malignant neoplasms","9968"
"2017","Minnesota","Renal failure","278"
"2017","Minnesota","Chronic lower respiratory disease","2453"
"2017","Minnesota","Other diseases of the circulatory system","2886"
"2017","Minnesota","Alzheimer disease and dementia","5642"
"2017","Minnesota","Diabetes","1313"
"2017","Minnesota","Heart failure","1091"
"2017","Minnesota","Cerebrovascular diseases","2206"
"2017","Mississippi","Malignant neoplasms","6371"
"2017","Mississippi","Chronic lower respiratory disease","2014"
"2017","Mississippi","Ischemic heart disease","3538"
"2017","Mississippi","Sepsis","319"
"2017","Mississippi","Other diseases of the respiratory system","801"
"2017","Mississippi","Renal failure","657"
"2017","Mississippi","Influenza and pneumonia","673"
"2017","Mississippi","Hypertensive diseases","1647"
"2017","Mississippi","Alzheimer disease and dementia","2435"
"2017","Mississippi","Cerebrovascular diseases","1610"
"2017","Mississippi","Heart failure","1511"
"2017","Mississippi","Other diseases of the circulatory system","1876"
"2017","Mississippi","Diabetes","1173"
"2017","Missouri","Other diseases of the respiratory system","1896"
"2017","Missouri","Heart failure","2509"
"2017","Missouri","Alzheimer disease and dementia","5229"
"2017","Missouri","Other diseases of the circulatory system","4074"
"2017","Missouri","Chronic lower respiratory disease","4018"
"2017","Missouri","Malignant neoplasms","13456"
"2017","Missouri","Diabetes","1621"
"2017","Missouri","Ischemic heart disease","8305"
"2017","Missouri","Sepsis","889"
"2017","Missouri","Renal failure","1578"
"2017","Missouri","Influenza and pneumonia","1321"
"2017","Missouri","Cerebrovascular diseases","3386"
"2017","Missouri","Hypertensive diseases","1640"
"2017","Montana","Diabetes","11"
"2017","Montana","Other diseases of the circulatory system","480"
"2017","Montana","Alzheimer disease and dementia","904"
"2017","Montana","Ischemic heart disease","1203"
"2017","Montana","Hypertensive diseases","12"
"2017","Montana","Cerebrovascular diseases","250"
"2017","Montana","Influenza and pneumonia","34"
"2017","Montana","Chronic lower respiratory disease","665"
"2017","Montana","Heart failure","25"
"2017","Montana","Malignant neoplasms","2116"
"2017","Nebraska","Hypertensive diseases","214"
"2017","Nebraska","Other diseases of the circulatory system","1244"
"2017","Nebraska","Ischemic heart disease","1872"
"2017","Nebraska","Alzheimer disease and dementia","1778"
"2017","Nebraska","Malignant neoplasms","3534"
"2017","Nebraska","Other diseases of the respiratory system","138"
"2017","Nebraska","Cerebrovascular diseases","674"
"2017","Nebraska","Diabetes","389"
"2017","Nebraska","Influenza and pneumonia","155"
"2017","Nebraska","Heart failure","228"
"2017","Nebraska","Chronic lower respiratory disease","1227"
"2017","Nevada","Heart failure","102"
"2017","Nevada","Alzheimer disease and dementia","1759"
"2017","Nevada","Other diseases of the respiratory system","74"
"2017","Nevada","Diabetes","452"
"2017","Nevada","Other diseases of the circulatory system","2139"
"2017","Nevada","Chronic lower respiratory disease","1689"
"2017","Nevada","Cerebrovascular diseases","1210"
"2017","Nevada","Ischemic heart disease","3733"
"2017","Nevada","Influenza and pneumonia","594"
"2017","Nevada","Malignant neoplasms","5295"
"2017","Nevada","Hypertensive diseases","1112"
"2017","New Hampshire","Ischemic heart disease","1482"
"2017","New Hampshire","Diabetes","23"
"2017","New Hampshire","Malignant neoplasms","2648"
"2017","New Hampshire","Cerebrovascular diseases","169"
"2017","New Hampshire","Alzheimer disease and dementia","1389"
"2017","New Hampshire","Chronic lower respiratory disease","677"
"2017","New Hampshire","Influenza and pneumonia","12"
"2017","New Hampshire","Other diseases of the circulatory system","791"
"2017","New Hampshire","Hypertensive diseases","15"
"2017","New Hampshire","Heart failure","89"
"2017","New Hampshire","Other diseases of the respiratory system","11"
"2017","New Jersey","Ischemic heart disease","10526"
"2017","New Jersey","Cerebrovascular diseases","3440"
"2017","New Jersey","Influenza and pneumonia","1283"
"2017","New Jersey","Diabetes","1902"
"2017","New Jersey","Heart failure","2301"
"2017","New Jersey","Alzheimer disease and dementia","6399"
"2017","New Jersey","Renal failure","1574"
"2017","New Jersey","Other diseases of the circulatory system","5642"
"2017","New Jersey","Sepsis","1896"
"2017","New Jersey","Hypertensive diseases","1768"
"2017","New Jersey","Other diseases of the respiratory system","2494"
"2017","New Jersey","Malignant neoplasms","15964"
"2017","New Jersey","Chronic lower respiratory disease","3222"
"2017","New Mexico","Ischemic heart disease","2572"
"2017","New Mexico","Malignant neoplasms","3503"
"2017","New Mexico","Other diseases of the circulatory system","705"
"2017","New Mexico","Heart failure","78"
"2017","New Mexico","Diabetes","522"
"2017","New Mexico","Sepsis","11"
"2017","New Mexico","Hypertensive diseases","96"
"2017","New Mexico","Renal failure","23"
"2017","New Mexico","Other diseases of the respiratory system","11"
"2017","New Mexico","Chronic lower respiratory disease","1102"
"2017","New Mexico","Influenza and pneumonia","109"
"2017","New Mexico","Cerebrovascular diseases","754"
"2017","New Mexico","Alzheimer disease and dementia","1369"
"2017","New York","Influenza and pneumonia","2473"
"2017","New York","Malignant neoplasms","21657"
"2017","New York","Alzheimer disease and dementia","8295"
"2017","New York","Cerebrovascular diseases","4187"
"2017","New York","Other diseases of the circulatory system","6732"
"2017","New York","Diabetes","2348"
"2017","New York","Renal failure","1816"
"2017","New York","Heart failure","2592"
"2017","New York","Other diseases of the respiratory system","2457"
"2017","New York","Chronic lower respiratory disease","5405"
"2017","New York","Ischemic heart disease","16618"
"2017","New York","Hypertensive diseases","3015"
"2017","New York","Sepsis","1737"
"2017","New York City","Hypertensive diseases","3796"
"2017","New York City","Influenza and pneumonia","1994"
"2017","New York City","Chronic lower respiratory disease","1764"
"2017","New York City","Diabetes","1802"
"2017","New York City","Alzheimer disease and dementia","2998"
"2017","New York City","Sepsis","110"
"2017","New York City","Other diseases of the circulatory system","1744"
"2017","New York City","Other diseases of the respiratory system","467"
"2017","New York City","Ischemic heart disease","13263"
"2017","New York City","Heart failure","92"
"2017","New York City","Cerebrovascular diseases","1894"
"2017","New York City","Renal failure","83"
"2017","New York City","Malignant neoplasms","13268"
"2017","North Carolina","Alzheimer disease and dementia","9516"
"2017","North Carolina","Heart failure","2859"
"2017","North Carolina","Diabetes","2906"
"2017","North Carolina","Malignant neoplasms","19734"
"2017","North Carolina","Hypertensive diseases","2273"
"2017","North Carolina","Chronic lower respiratory disease","5558"
"2017","North Carolina","Ischemic heart disease","10288"
"2017","North Carolina","Cerebrovascular diseases","5103"
"2017","North Carolina","Renal failure","2013"
"2017","North Carolina","Sepsis","1515"
"2017","North Carolina","Influenza and pneumonia","2090"
"2017","North Carolina","Other diseases of the respiratory system","2443"
"2017","North Carolina","Other diseases of the circulatory system","5404"
"2017","North Dakota","Alzheimer disease and dementia","517"
"2017","North Dakota","Influenza and pneumonia","11"
"2017","North Dakota","Cerebrovascular diseases","82"
"2017","North Dakota","Other diseases of the circulatory system","175"
"2017","North Dakota","Chronic lower respiratory disease","115"
"2017","North Dakota","Malignant neoplasms","1367"
"2017","North Dakota","Ischemic heart disease","819"
"2017","Ohio","Sepsis","2080"
"2017","Ohio","Other diseases of the circulatory system","8314"
"2017","Ohio","Chronic lower respiratory disease","7252"
"2017","Ohio","Diabetes","3723"
"2017","Ohio","Cerebrovascular diseases","6410"
"2017","Ohio","Malignant neoplasms","25610"
"2017","Ohio","Influenza and pneumonia","2231"
"2017","Ohio","Heart failure","3612"
"2017","Ohio","Alzheimer disease and dementia","11620"
"2017","Ohio","Renal failure","2171"
"2017","Ohio","Hypertensive diseases","3418"
"2017","Ohio","Other diseases of the respiratory system","3245"
"2017","Ohio","Ischemic heart disease","15288"
"2017","Oklahoma","Hypertensive diseases","3140"
"2017","Oklahoma","Heart failure","594"
"2017","Oklahoma","Influenza and pneumonia","407"
"2017","Oklahoma","Diabetes","1366"
"2017","Oklahoma","Cerebrovascular diseases","1862"
"2017","Oklahoma","Other diseases of the respiratory system","479"
"2017","Oklahoma","Sepsis","110"
"2017","Oklahoma","Chronic lower respiratory disease","2934"
"2017","Oklahoma","Ischemic heart disease","5885"
"2017","Oklahoma","Renal failure","137"
"2017","Oklahoma","Alzheimer disease and dementia","3153"
"2017","Oklahoma","Malignant neoplasms","7982"
"2017","Oklahoma","Other diseases of the circulatory system","1561"
"2017","Oregon","Hypertensive diseases","861"
"2017","Oregon","Diabetes","1221"
"2017","Oregon","Chronic lower respiratory disease","2057"
"2017","Oregon","Ischemic heart disease","3374"
"2017","Oregon","Cerebrovascular diseases","2053"
"2017","Oregon","Sepsis","11"
"2017","Oregon","Heart failure","1016"
"2017","Oregon","Alzheimer disease and dementia","4253"
"2017","Oregon","Influenza and pneumonia","343"
"2017","Oregon","Malignant neoplasms","8054"
"2017","Oregon","Other diseases of the circulatory system","2564"
"2017","Oregon","Renal failure","81"
"2017","Oregon","Other diseases of the respiratory system","491"
"2017","Pennsylvania","Diabetes","3702"
"2017","Pennsylvania","Alzheimer disease and dementia","12575"
"2017","Pennsylvania","Chronic lower respiratory disease","6665"
"2017","Pennsylvania","Other diseases of the circulatory system","9610"
"2017","Pennsylvania","Ischemic heart disease","17706"
"2017","Pennsylvania","Other diseases of the respiratory system","3905"
"2017","Pennsylvania","Hypertensive diseases","2772"
"2017","Pennsylvania","Influenza and pneumonia","2753"
"2017","Pennsylvania","Malignant neoplasms","28552"
"2017","Pennsylvania","Sepsis","2455"
"2017","Pennsylvania","Heart failure","4766"
"2017","Pennsylvania","Cerebrovascular diseases","6786"
"2017","Pennsylvania","Renal failure","2891"
"2017","Puerto Rico","Other diseases of the circulatory system","950"
"2017","Puerto Rico","Renal failure","862"
"2017","Puerto Rico","Heart failure","256"
"2017","Puerto Rico","Hypertensive diseases","1305"
"2017","Puerto Rico","Sepsis","748"
"2017","Puerto Rico","Chronic lower respiratory disease","1181"
"2017","Puerto Rico","Ischemic heart disease","3625"
"2017","Puerto Rico","Diabetes","3248"
"2017","Puerto Rico","Cerebrovascular diseases","1215"
"2017","Puerto Rico","Malignant neoplasms","5221"
"2017","Puerto Rico","Other diseases of the respiratory system","556"
"2017","Puerto Rico","Influenza and pneumonia","749"
"2017","Puerto Rico","Alzheimer disease and dementia","2716"
"2017","Rhode Island","Hypertensive diseases","37"
"2017","Rhode Island","Diabetes","14"
"2017","Rhode Island","Heart failure","14"
"2017","Rhode Island","Ischemic heart disease","1493"
"2017","Rhode Island","Cerebrovascular diseases","188"
"2017","Rhode Island","Influenza and pneumonia","15"
"2017","Rhode Island","Other diseases of the circulatory system","284"
"2017","Rhode Island","Chronic lower respiratory disease","328"
"2017","Rhode Island","Alzheimer disease and dementia","1298"
"2017","Rhode Island","Malignant neoplasms","2208"
"2017","South Carolina","Influenza and pneumonia","570"
"2017","South Carolina","Heart failure","1307"
"2017","South Carolina","Sepsis","786"
"2017","South Carolina","Diabetes","1517"
"2017","South Carolina","Cerebrovascular diseases","2628"
"2017","South Carolina","Malignant neoplasms","10052"
"2017","South Carolina","Other diseases of the respiratory system","1088"
"2017","South Carolina","Other diseases of the circulatory system","3340"
"2017","South Carolina","Chronic lower respiratory disease","2945"
"2017","South Carolina","Alzheimer disease and dementia","4823"
"2017","South Carolina","Hypertensive diseases","1247"
"2017","South Carolina","Ischemic heart disease","5357"
"2017","South Carolina","Renal failure","867"
"2017","South Dakota","Cerebrovascular diseases","145"
"2017","South Dakota","Influenza and pneumonia","12"
"2017","South Dakota","Ischemic heart disease","1129"
"2017","South Dakota","Diabetes","45"
"2017","South Dakota","Malignant neoplasms","1728"
"2017","South Dakota","Hypertensive diseases","11"
"2017","South Dakota","Other diseases of the circulatory system","197"
"2017","South Dakota","Chronic lower respiratory disease","278"
"2017","South Dakota","Alzheimer disease and dementia","521"
"2017","Tennessee","Sepsis","1101"
"2017","Tennessee","Influenza and pneumonia","1761"
"2017","Tennessee","Chronic lower respiratory disease","4806"
"2017","Tennessee","Malignant neoplasms","14752"
"2017","Tennessee","Hypertensive diseases","2259"
"2017","Tennessee","Renal failure","1180"
"2017","Tennessee","Ischemic heart disease","10215"
"2017","Tennessee","Other diseases of the circulatory system","4167"
"2017","Tennessee","Heart failure","1531"
"2017","Tennessee","Diabetes","1967"
"2017","Tennessee","Other diseases of the respiratory system","1620"
"2017","Tennessee","Alzheimer disease and dementia","6945"
"2017","Tennessee","Cerebrovascular diseases","3882"
"2017","Texas","Alzheimer disease and dementia","18444"
"2017","Texas","Chronic lower respiratory disease","10751"
"2017","Texas","Ischemic heart disease","25727"
"2017","Texas","Diabetes","5870"
"2017","Texas","Hypertensive diseases","6442"
"2017","Texas","Other diseases of the respiratory system","4943"
"2017","Texas","Influenza and pneumonia","2976"
"2017","Texas","Cerebrovascular diseases","10942"
"2017","Texas","Other diseases of the circulatory system","11964"
"2017","Texas","Heart failure","5573"
"2017","Texas","Renal failure","4249"
"2017","Texas","Sepsis","4366"
"2017","Texas","Malignant neoplasms","41122"
"2017","United States","Cerebrovascular diseases","146205"
"2017","United States","Malignant neoplasms","598376"
"2017","United States","Other diseases of the circulatory system","176132"
"2017","United States","Other diseases of the respiratory system","65077"
"2017","United States","Hypertensive diseases","90140"
"2017","United States","Alzheimer disease and dementia","261156"
"2017","United States","Diabetes","83446"
"2017","United States","Renal failure","49607"
"2017","United States","Sepsis","40868"
"2017","United States","Chronic lower respiratory disease","159744"
"2017","United States","Ischemic heart disease","365897"
"2017","United States","Heart failure","80295"
"2017","United States","Influenza and pneumonia","55508"
"2017","Utah","Hypertensive diseases","81"
"2017","Utah","Influenza and pneumonia","114"
"2017","Utah","Other diseases of the circulatory system","1147"
"2017","Utah","Chronic lower respiratory disease","772"
"2017","Utah","Malignant neoplasms","3256"
"2017","Utah","Ischemic heart disease","1776"
"2017","Utah","Cerebrovascular diseases","899"
"2017","Utah","Alzheimer disease and dementia","1880"
"2017","Utah","Other diseases of the respiratory system","183"
"2017","Utah","Heart failure","934"
"2017","Utah","Diabetes","479"
"2017","Utah","Renal failure","63"
"2017","Vermont","Other diseases of the circulatory system","60"
"2017","Vermont","Ischemic heart disease","801"
"2017","Vermont","Alzheimer disease and dementia","498"
"2017","Vermont","Chronic lower respiratory disease","47"
"2017","Vermont","Malignant neoplasms","1394"
"2017","Virginia","Diabetes","1951"
"2017","Virginia","Cerebrovascular diseases","3513"
"2017","Virginia","Influenza and pneumonia","1154"
"2017","Virginia","Chronic lower respiratory disease","3297"
"2017","Virginia","Alzheimer disease and dementia","6956"
"2017","Virginia","Malignant neoplasms","14833"
"2017","Virginia","Ischemic heart disease","7438"
"2017","Virginia","Heart failure","2482"
"2017","Virginia","Other diseases of the respiratory system","1810"
"2017","Virginia","Renal failure","1565"
"2017","Virginia","Hypertensive diseases","1541"
"2017","Virginia","Sepsis","1208"
"2017","Virginia","Other diseases of the circulatory system","4608"
"2017","Washington","Other diseases of the circulatory system","3669"
"2017","Washington","Influenza and pneumonia","916"
"2017","Washington","Alzheimer disease and dementia","6028"
"2017","Washington","Heart failure","522"
"2017","Washington","Cerebrovascular diseases","3032"
"2017","Washington","Renal failure","114"
"2017","Washington","Chronic lower respiratory disease","3150"
"2017","Washington","Other diseases of the respiratory system","1414"
"2017","Washington","Malignant neoplasms","12679"
"2017","Washington","Sepsis","305"
"2017","Washington","Ischemic heart disease","6652"
"2017","Washington","Diabetes","1822"
"2017","Washington","Hypertensive diseases","1823"
"2017","West Virginia","Diabetes","822"
"2017","West Virginia","Other diseases of the circulatory system","1018"
"2017","West Virginia","Sepsis","23"
"2017","West Virginia","Other diseases of the respiratory system","76"
"2017","West Virginia","Influenza and pneumonia","174"
"2017","West Virginia","Chronic lower respiratory disease","1681"
"2017","West Virginia","Malignant neoplasms","4526"
"2017","West Virginia","Renal failure","156"
"2017","West Virginia","Alzheimer disease and dementia","1720"
"2017","West Virginia","Cerebrovascular diseases","1017"
"2017","West Virginia","Ischemic heart disease","3219"
"2017","West Virginia","Hypertensive diseases","337"
"2017","West Virginia","Heart failure","179"
"2017","Wisconsin","Other diseases of the circulatory system","3464"
"2017","Wisconsin","Renal failure","847"
"2017","Wisconsin","Ischemic heart disease","6560"
"2017","Wisconsin","Malignant neoplasms","11267"
"2017","Wisconsin","Alzheimer disease and dementia","5642"
"2017","Wisconsin","Diabetes","1420"
"2017","Wisconsin","Influenza and pneumonia","905"
"2017","Wisconsin","Hypertensive diseases","1336"
"2017","Wisconsin","Cerebrovascular diseases","2491"
"2017","Wisconsin","Other diseases of the respiratory system","1123"
"2017","Wisconsin","Heart failure","1606"
"2017","Wisconsin","Sepsis","293"
"2017","Wisconsin","Chronic lower respiratory disease","2797"
"2017","Wyoming","Ischemic heart disease","301"
"2017","Wyoming","Alzheimer disease and dementia","34"
"2017","Wyoming","Chronic lower respiratory disease","37"
"2017","Wyoming","Malignant neoplasms","887"
"2018","Alabama","Heart failure","2511"
"2018","Alabama","Malignant neoplasms","10385"
"2018","Alabama","Ischemic heart disease","4939"
"2018","Alabama","Hypertensive diseases","1547"
"2018","Alabama","Other diseases of the respiratory system","1392"
"2018","Alabama","Sepsis","992"
"2018","Alabama","Influenza and pneumonia","1237"
"2018","Alabama","Diabetes","1133"
"2018","Alabama","Chronic lower respiratory disease","3534"
"2018","Alabama","Alzheimer disease and dementia","4757"
"2018","Alabama","Renal failure","997"
"2018","Alabama","Other diseases of the circulatory system","5392"
"2018","Alabama","Cerebrovascular diseases","2976"
"2018","Alaska","Ischemic heart disease","168"
"2018","Alaska","Other diseases of the circulatory system","12"
"2018","Alaska","Malignant neoplasms","885"
"2018","Alaska","Alzheimer disease and dementia","22"
"2018","Arizona","Other diseases of the respiratory system","1231"
"2018","Arizona","Heart failure","715"
"2018","Arizona","Cerebrovascular diseases","2828"
"2018","Arizona","Chronic lower respiratory disease","3866"
"2018","Arizona","Alzheimer disease and dementia","5242"
"2018","Arizona","Other diseases of the circulatory system","3196"
"2018","Arizona","Ischemic heart disease","7820"
"2018","Arizona","Hypertensive diseases","2495"
"2018","Arizona","Diabetes","2043"
"2018","Arizona","Influenza and pneumonia","1044"
"2018","Arizona","Sepsis","111"
"2018","Arizona","Renal failure","569"
"2018","Arizona","Malignant neoplasms","12159"
"2018","Arkansas","Other diseases of the respiratory system","337"
"2018","Arkansas","Chronic lower respiratory disease","2395"
"2018","Arkansas","Alzheimer disease and dementia","2865"
"2018","Arkansas","Hypertensive diseases","1578"
"2018","Arkansas","Renal failure","520"
"2018","Arkansas","Sepsis","158"
"2018","Arkansas","Malignant neoplasms","6355"
"2018","Arkansas","Cerebrovascular diseases","1486"
"2018","Arkansas","Influenza and pneumonia","462"
"2018","Arkansas","Ischemic heart disease","4910"
"2018","Arkansas","Heart failure","829"
"2018","Arkansas","Other diseases of the circulatory system","1448"
"2018","Arkansas","Diabetes","1199"
"2018","California","Alzheimer disease and dementia","25125"
"2018","California","Hypertensive diseases","11918"
"2018","California","Influenza and pneumonia","6985"
"2018","California","Diabetes","9523"
"2018","California","Cerebrovascular diseases","16487"
"2018","California","Renal failure","3856"
"2018","California","Other diseases of the respiratory system","4613"
"2018","California","Sepsis","1617"
"2018","California","Other diseases of the circulatory system","13903"
"2018","California","Ischemic heart disease","37672"
"2018","California","Malignant neoplasms","60176"
"2018","California","Chronic lower respiratory disease","13629"
"2018","California","Heart failure","7647"
"2018","Colorado","Ischemic heart disease","3780"
"2018","Colorado","Influenza and pneumonia","331"
"2018","Colorado","Chronic lower respiratory disease","2654"
"2018","Colorado","Cerebrovascular diseases","2048"
"2018","Colorado","Other diseases of the respiratory system","869"
"2018","Colorado","Sepsis","224"
"2018","Colorado","Other diseases of the circulatory system","2521"
"2018","Colorado","Hypertensive diseases","1184"
"2018","Colorado","Diabetes","978"
"2018","Colorado","Heart failure","820"
"2018","Colorado","Alzheimer disease and dementia","3699"
"2018","Colorado","Renal failure","176"
"2018","Colorado","Malignant neoplasms","7873"
"2018","Connecticut","Hypertensive diseases","671"
"2018","Connecticut","Heart failure","1093"
"2018","Connecticut","Renal failure","424"
"2018","Connecticut","Ischemic heart disease","3818"
"2018","Connecticut","Malignant neoplasms","6534"
"2018","Connecticut","Other diseases of the circulatory system","2298"
"2018","Connecticut","Cerebrovascular diseases","1405"
"2018","Connecticut","Diabetes","619"
"2018","Connecticut","Influenza and pneumonia","600"
"2018","Connecticut","Chronic lower respiratory disease","1439"
"2018","Connecticut","Sepsis","385"
"2018","Connecticut","Alzheimer disease and dementia","3358"
"2018","Connecticut","Other diseases of the respiratory system","929"
"2018","Delaware","Hypertensive diseases","11"
"2018","Delaware","Chronic lower respiratory disease","261"
"2018","Delaware","Malignant neoplasms","2070"
"2018","Delaware","Heart failure","11"
"2018","Delaware","Influenza and pneumonia","13"
"2018","Delaware","Cerebrovascular diseases","459"
"2018","Delaware","Diabetes","11"
"2018","Delaware","Alzheimer disease and dementia","893"
"2018","Delaware","Other diseases of the circulatory system","502"
"2018","Delaware","Ischemic heart disease","1149"
"2018","District of Columbia","Alzheimer disease and dementia","11"
"2018","District of Columbia","Hypertensive diseases","93"
"2018","District of Columbia","Cerebrovascular diseases","84"
"2018","District of Columbia","Ischemic heart disease","854"
"2018","District of Columbia","Other diseases of the circulatory system","73"
"2018","District of Columbia","Malignant neoplasms","1323"
"2018","District of Columbia","Diabetes","11"
"2018","Florida","Renal failure","3116"
"2018","Florida","Cerebrovascular diseases","13486"
"2018","Florida","Alzheimer disease and dementia","17217"
"2018","Florida","Chronic lower respiratory disease","12445"
"2018","Florida","Diabetes","6246"
"2018","Florida","Other diseases of the respiratory system","4033"
"2018","Florida","Hypertensive diseases","7080"
"2018","Florida","Heart failure","4240"
"2018","Florida","Influenza and pneumonia","3112"
"2018","Florida","Malignant neoplasms","45119"
"2018","Florida","Ischemic heart disease","30170"
"2018","Florida","Sepsis","2519"
"2018","Florida","Other diseases of the circulatory system","11279"
"2018","Georgia","Influenza and pneumonia","1553"
"2018","Georgia","Chronic lower respiratory disease","5004"
"2018","Georgia","Malignant neoplasms","17517"
"2018","Georgia","Hypertensive diseases","3568"
"2018","Georgia","Alzheimer disease and dementia","8157"
"2018","Georgia","Other diseases of the respiratory system","2682"
"2018","Georgia","Sepsis","1686"
"2018","Georgia","Heart failure","3613"
"2018","Georgia","Ischemic heart disease","7847"
"2018","Georgia","Cerebrovascular diseases","4545"
"2018","Georgia","Diabetes","2464"
"2018","Georgia","Other diseases of the circulatory system","5866"
"2018","Georgia","Renal failure","2019"
"2018","Hawaii","Alzheimer disease and dementia","1162"
"2018","Hawaii","Diabetes","24"
"2018","Hawaii","Ischemic heart disease","1454"
"2018","Hawaii","Malignant neoplasms","2392"
"2018","Hawaii","Influenza and pneumonia","338"
"2018","Hawaii","Chronic lower respiratory disease","86"
"2018","Hawaii","Other diseases of the circulatory system","735"
"2018","Hawaii","Heart failure","16"
"2018","Hawaii","Cerebrovascular diseases","724"
"2018","Hawaii","Hypertensive diseases","142"
"2018","Idaho","Diabetes","120"
"2018","Idaho","Heart failure","182"
"2018","Idaho","Ischemic heart disease","1562"
"2018","Idaho","Chronic lower respiratory disease","868"
"2018","Idaho","Malignant neoplasms","3039"
"2018","Idaho","Other diseases of the circulatory system","970"
"2018","Idaho","Alzheimer disease and dementia","1361"
"2018","Idaho","Hypertensive diseases","59"
"2018","Idaho","Other diseases of the respiratory system","58"
"2018","Idaho","Cerebrovascular diseases","655"
"2018","Idaho","Influenza and pneumonia","47"
"2018","Illinois","Influenza and pneumonia","2510"
"2018","Illinois","Diabetes","2793"
"2018","Illinois","Sepsis","1705"
"2018","Illinois","Hypertensive diseases","3447"
"2018","Illinois","Other diseases of the circulatory system","7380"
"2018","Illinois","Malignant neoplasms","23310"
"2018","Illinois","Heart failure","4299"
"2018","Illinois","Ischemic heart disease","12228"
"2018","Illinois","Cerebrovascular diseases","5613"
"2018","Illinois","Renal failure","2526"
"2018","Illinois","Alzheimer disease and dementia","10294"
"2018","Illinois","Other diseases of the respiratory system","2500"
"2018","Illinois","Chronic lower respiratory disease","5464"
"2018","Indiana","Ischemic heart disease","8130"
"2018","Indiana","Influenza and pneumonia","1051"
"2018","Indiana","Chronic lower respiratory disease","4684"
"2018","Indiana","Malignant neoplasms","13406"
"2018","Indiana","Heart failure","1965"
"2018","Indiana","Hypertensive diseases","1766"
"2018","Indiana","Cerebrovascular diseases","3135"
"2018","Indiana","Renal failure","1410"
"2018","Indiana","Sepsis","1235"
"2018","Indiana","Other diseases of the circulatory system","4299"
"2018","Indiana","Diabetes","2114"
"2018","Indiana","Alzheimer disease and dementia","6409"
"2018","Indiana","Other diseases of the respiratory system","1665"
"2018","Iowa","Sepsis","49"
"2018","Iowa","Diabetes","868"
"2018","Iowa","Influenza and pneumonia","516"
"2018","Iowa","Ischemic heart disease","4381"
"2018","Iowa","Other diseases of the circulatory system","1839"
"2018","Iowa","Alzheimer disease and dementia","3113"
"2018","Iowa","Other diseases of the respiratory system","648"
"2018","Iowa","Heart failure","518"
"2018","Iowa","Malignant neoplasms","6382"
"2018","Iowa","Cerebrovascular diseases","1421"
"2018","Iowa","Hypertensive diseases","1068"
"2018","Iowa","Chronic lower respiratory disease","1857"
"2018","Iowa","Renal failure","106"
"2018","Kansas","Heart failure","703"
"2018","Kansas","Diabetes","719"
"2018","Kansas","Chronic lower respiratory disease","1774"
"2018","Kansas","Alzheimer disease and dementia","2743"
"2018","Kansas","Cerebrovascular diseases","1206"
"2018","Kansas","Hypertensive diseases","505"
"2018","Kansas","Influenza and pneumonia","399"
"2018","Kansas","Malignant neoplasms","5265"
"2018","Kansas","Other diseases of the circulatory system","1786"
"2018","Kansas","Ischemic heart disease","3310"
"2018","Kansas","Sepsis","26"
"2018","Kansas","Renal failure","228"
"2018","Kansas","Other diseases of the respiratory system","528"
"2018","Kentucky","Other diseases of the circulatory system","2949"
"2018","Kentucky","Sepsis","899"
"2018","Kentucky","Influenza and pneumonia","877"
"2018","Kentucky","Diabetes","1507"
"2018","Kentucky","Chronic lower respiratory disease","3378"
"2018","Kentucky","Malignant neoplasms","10114"
"2018","Kentucky","Hypertensive diseases","1199"
"2018","Kentucky","Heart failure","1691"
"2018","Kentucky","Cerebrovascular diseases","2129"
"2018","Kentucky","Alzheimer disease and dementia","4322"
"2018","Kentucky","Renal failure","998"
"2018","Kentucky","Other diseases of the respiratory system","1409"
"2018","Kentucky","Ischemic heart disease","5552"
"2018","Louisiana","Malignant neoplasms","9313"
"2018","Louisiana","Diabetes","1456"
"2018","Louisiana","Hypertensive diseases","1545"
"2018","Louisiana","Ischemic heart disease","5156"
"2018","Louisiana","Other diseases of the circulatory system","3051"
"2018","Louisiana","Renal failure","1119"
"2018","Louisiana","Other diseases of the respiratory system","1305"
"2018","Louisiana","Heart failure","2312"
"2018","Louisiana","Alzheimer disease and dementia","3591"
"2018","Louisiana","Chronic lower respiratory disease","2342"
"2018","Louisiana","Cerebrovascular diseases","2514"
"2018","Louisiana","Influenza and pneumonia","656"
"2018","Louisiana","Sepsis","1129"
"2018","Maine","Cerebrovascular diseases","570"
"2018","Maine","Diabetes","217"
"2018","Maine","Chronic lower respiratory disease","896"
"2018","Maine","Other diseases of the circulatory system","950"
"2018","Maine","Other diseases of the respiratory system","56"
"2018","Maine","Influenza and pneumonia","91"
"2018","Maine","Heart failure","45"
"2018","Maine","Malignant neoplasms","3226"
"2018","Maine","Ischemic heart disease","1569"
"2018","Maine","Hypertensive diseases","76"
"2018","Maine","Alzheimer disease and dementia","1743"
"2018","Maryland","Ischemic heart disease","6437"
"2018","Maryland","Cerebrovascular diseases","2817"
"2018","Maryland","Diabetes","1425"
"2018","Maryland","Malignant neoplasms","10865"
"2018","Maryland","Alzheimer disease and dementia","4679"
"2018","Maryland","Other diseases of the respiratory system","951"
"2018","Maryland","Influenza and pneumonia","899"
"2018","Maryland","Sepsis","886"
"2018","Maryland","Chronic lower respiratory disease","2226"
"2018","Maryland","Other diseases of the circulatory system","3370"
"2018","Maryland","Hypertensive diseases","1958"
"2018","Maryland","Heart failure","921"
"2018","Maryland","Renal failure","792"
"2018","Massachusetts","Diabetes","1389"
"2018","Massachusetts","Other diseases of the circulatory system","3910"
"2018","Massachusetts","Influenza and pneumonia","1459"
"2018","Massachusetts","Heart failure","2178"
"2018","Massachusetts","Alzheimer disease and dementia","7606"
"2018","Massachusetts","Hypertensive diseases","1286"
"2018","Massachusetts","Malignant neoplasms","12961"
"2018","Massachusetts","Renal failure","1170"
"2018","Massachusetts","Cerebrovascular diseases","2441"
"2018","Massachusetts","Ischemic heart disease","6071"
"2018","Massachusetts","Sepsis","1002"
"2018","Massachusetts","Chronic lower respiratory disease","2776"
"2018","Massachusetts","Other diseases of the respiratory system","1754"
"2018","Michigan","Cerebrovascular diseases","5067"
"2018","Michigan","Malignant neoplasms","20692"
"2018","Michigan","Hypertensive diseases","3224"
"2018","Michigan","Renal failure","1870"
"2018","Michigan","Alzheimer disease and dementia","8478"
"2018","Michigan","Sepsis","1231"
"2018","Michigan","Diabetes","2787"
"2018","Michigan","Other diseases of the respiratory system","1866"
"2018","Michigan","Ischemic heart disease","14459"
"2018","Michigan","Influenza and pneumonia","1831"
"2018","Michigan","Chronic lower respiratory disease","5701"
"2018","Michigan","Heart failure","3669"
"2018","Michigan","Other diseases of the circulatory system","5788"
"2018","Minnesota","Cerebrovascular diseases","2239"
"2018","Minnesota","Influenza and pneumonia","436"
"2018","Minnesota","Heart failure","1127"
"2018","Minnesota","Diabetes","1295"
"2018","Minnesota","Chronic lower respiratory disease","2333"
"2018","Minnesota","Malignant neoplasms","9991"
"2018","Minnesota","Hypertensive diseases","1134"
"2018","Minnesota","Sepsis","137"
"2018","Minnesota","Ischemic heart disease","4246"
"2018","Minnesota","Alzheimer disease and dementia","5594"
"2018","Minnesota","Other diseases of the circulatory system","2951"
"2018","Minnesota","Other diseases of the respiratory system","910"
"2018","Minnesota","Renal failure","422"
"2018","Mississippi","Cerebrovascular diseases","1687"
"2018","Mississippi","Sepsis","169"
"2018","Mississippi","Heart failure","1395"
"2018","Mississippi","Other diseases of the respiratory system","765"
"2018","Mississippi","Other diseases of the circulatory system","1666"
"2018","Mississippi","Renal failure","681"
"2018","Mississippi","Alzheimer disease and dementia","2443"
"2018","Mississippi","Diabetes","1084"
"2018","Mississippi","Hypertensive diseases","1723"
"2018","Mississippi","Influenza and pneumonia","858"
"2018","Mississippi","Chronic lower respiratory disease","2126"
"2018","Mississippi","Malignant neoplasms","6334"
"2018","Mississippi","Ischemic heart disease","3636"
"2018","Missouri","Alzheimer disease and dementia","5448"
"2018","Missouri","Diabetes","1648"
"2018","Missouri","Malignant neoplasms","13530"
"2018","Missouri","Hypertensive diseases","1693"
"2018","Missouri","Sepsis","912"
"2018","Missouri","Other diseases of the respiratory system","1895"
"2018","Missouri","Influenza and pneumonia","1505"
"2018","Missouri","Ischemic heart disease","8298"
"2018","Missouri","Renal failure","1576"
"2018","Missouri","Heart failure","2411"
"2018","Missouri","Cerebrovascular diseases","3244"
"2018","Missouri","Chronic lower respiratory disease","4040"
"2018","Missouri","Other diseases of the circulatory system","4148"
"2018","Montana","Ischemic heart disease","1339"
"2018","Montana","Alzheimer disease and dementia","951"
"2018","Montana","Other diseases of the circulatory system","524"
"2018","Montana","Influenza and pneumonia","13"
"2018","Montana","Heart failure","14"
"2018","Montana","Cerebrovascular diseases","117"
"2018","Montana","Malignant neoplasms","2005"
"2018","Montana","Chronic lower respiratory disease","629"
"2018","Nebraska","Diabetes","467"
"2018","Nebraska","Other diseases of the respiratory system","215"
"2018","Nebraska","Hypertensive diseases","209"
"2018","Nebraska","Ischemic heart disease","1740"
"2018","Nebraska","Heart failure","287"
"2018","Nebraska","Malignant neoplasms","3566"
"2018","Nebraska","Alzheimer disease and dementia","1761"
"2018","Nebraska","Other diseases of the circulatory system","1269"
"2018","Nebraska","Cerebrovascular diseases","720"
"2018","Nebraska","Influenza and pneumonia","201"
"2018","Nebraska","Chronic lower respiratory disease","1160"
"2018","Nevada","Hypertensive diseases","1213"
"2018","Nevada","Influenza and pneumonia","352"
"2018","Nevada","Other diseases of the circulatory system","2021"
"2018","Nevada","Alzheimer disease and dementia","1693"
"2018","Nevada","Sepsis","11"
"2018","Nevada","Chronic lower respiratory disease","1670"
"2018","Nevada","Diabetes","612"
"2018","Nevada","Heart failure","117"
"2018","Nevada","Renal failure","24"
"2018","Nevada","Ischemic heart disease","3718"
"2018","Nevada","Cerebrovascular diseases","1283"
"2018","Nevada","Malignant neoplasms","5193"
"2018","Nevada","Other diseases of the respiratory system","107"
"2018","New Hampshire","Other diseases of the circulatory system","767"
"2018","New Hampshire","Cerebrovascular diseases","206"
"2018","New Hampshire","Heart failure","89"
"2018","New Hampshire","Malignant neoplasms","2617"
"2018","New Hampshire","Ischemic heart disease","1460"
"2018","New Hampshire","Other diseases of the respiratory system","39"
"2018","New Hampshire","Influenza and pneumonia","58"
"2018","New Hampshire","Hypertensive diseases","37"
"2018","New Hampshire","Alzheimer disease and dementia","1434"
"2018","New Hampshire","Chronic lower respiratory disease","677"
"2018","New Jersey","Chronic lower respiratory disease","3190"
"2018","New Jersey","Renal failure","1673"
"2018","New Jersey","Sepsis","1950"
"2018","New Jersey","Alzheimer disease and dementia","6722"
"2018","New Jersey","Other diseases of the respiratory system","2680"
"2018","New Jersey","Diabetes","1862"
"2018","New Jersey","Other diseases of the circulatory system","5655"
"2018","New Jersey","Hypertensive diseases","1818"
"2018","New Jersey","Heart failure","2588"
"2018","New Jersey","Ischemic heart disease","10299"
"2018","New Jersey","Malignant neoplasms","15663"
"2018","New Jersey","Cerebrovascular diseases","3356"
"2018","New Jersey","Influenza and pneumonia","1434"
"2018","New Mexico","Influenza and pneumonia","135"
"2018","New Mexico","Cerebrovascular diseases","695"
"2018","New Mexico","Other diseases of the respiratory system","50"
"2018","New Mexico","Other diseases of the circulatory system","707"
"2018","New Mexico","Malignant neoplasms","3546"
"2018","New Mexico","Diabetes","483"
"2018","New Mexico","Heart failure","84"
"2018","New Mexico","Alzheimer disease and dementia","1360"
"2018","New Mexico","Renal failure","30"
"2018","New Mexico","Ischemic heart disease","2661"
"2018","New Mexico","Chronic lower respiratory disease","1131"
"2018","New Mexico","Hypertensive diseases","67"
"2018","New York","Sepsis","1311"
"2018","New York","Cerebrovascular diseases","4220"
"2018","New York","Alzheimer disease and dementia","8858"
"2018","New York","Other diseases of the respiratory system","2438"
"2018","New York","Other diseases of the circulatory system","6311"
"2018","New York","Heart failure","2507"
"2018","New York","Malignant neoplasms","21462"
"2018","New York","Ischemic heart disease","16792"
"2018","New York","Hypertensive diseases","3356"
"2018","New York","Influenza and pneumonia","2699"
"2018","New York","Renal failure","1869"
"2018","New York","Diabetes","2520"
"2018","New York","Chronic lower respiratory disease","5382"
"2018","New York City","Ischemic heart disease","13427"
"2018","New York City","Malignant neoplasms","13001"
"2018","New York City","Influenza and pneumonia","2006"
"2018","New York City","Sepsis","160"
"2018","New York City","Chronic lower respiratory disease","1772"
"2018","New York City","Alzheimer disease and dementia","3311"
"2018","New York City","Renal failure","104"
"2018","New York City","Heart failure","99"
"2018","New York City","Diabetes","1957"
"2018","New York City","Other diseases of the circulatory system","1753"
"2018","New York City","Hypertensive diseases","3931"
"2018","New York City","Other diseases of the respiratory system","508"
"2018","New York City","Cerebrovascular diseases","1877"
"2018","North Carolina","Cerebrovascular diseases","5066"
"2018","North Carolina","Diabetes","3015"
"2018","North Carolina","Ischemic heart disease","10494"
"2018","North Carolina","Heart failure","3112"
"2018","North Carolina","Hypertensive diseases","2310"
"2018","North Carolina","Renal failure","1913"
"2018","North Carolina","Malignant neoplasms","19975"
"2018","North Carolina","Chronic lower respiratory disease","5364"
"2018","North Carolina","Alzheimer disease and dementia","9855"
"2018","North Carolina","Sepsis","1551"
"2018","North Carolina","Other diseases of the circulatory system","5402"
"2018","North Carolina","Other diseases of the respiratory system","2303"
"2018","North Carolina","Influenza and pneumonia","2067"
"2018","North Dakota","Alzheimer disease and dementia","466"
"2018","North Dakota","Cerebrovascular diseases","107"
"2018","North Dakota","Ischemic heart disease","830"
"2018","North Dakota","Malignant neoplasms","1398"
"2018","North Dakota","Diabetes","13"
"2018","North Dakota","Chronic lower respiratory disease","47"
"2018","North Dakota","Other diseases of the circulatory system","179"
"2018","Ohio","Alzheimer disease and dementia","11744"
"2018","Ohio","Influenza and pneumonia","2386"
"2018","Ohio","Hypertensive diseases","3618"
"2018","Ohio","Cerebrovascular diseases","6571"
"2018","Ohio","Sepsis","2043"
"2018","Ohio","Renal failure","2143"
"2018","Ohio","Other diseases of the circulatory system","8647"
"2018","Ohio","Malignant neoplasms","25153"
"2018","Ohio","Ischemic heart disease","15681"
"2018","Ohio","Other diseases of the respiratory system","3474"
"2018","Ohio","Chronic lower respiratory disease","7530"
"2018","Ohio","Heart failure","3882"
"2018","Ohio","Diabetes","3849"
"2018","Oklahoma","Sepsis","142"
"2018","Oklahoma","Other diseases of the respiratory system","529"
"2018","Oklahoma","Cerebrovascular diseases","1806"
"2018","Oklahoma","Alzheimer disease and dementia","3292"
"2018","Oklahoma","Diabetes","1304"
"2018","Oklahoma","Renal failure","84"
"2018","Oklahoma","Influenza and pneumonia","611"
"2018","Oklahoma","Hypertensive diseases","3414"
"2018","Oklahoma","Chronic lower respiratory disease","2935"
"2018","Oklahoma","Malignant neoplasms","8233"
"2018","Oklahoma","Ischemic heart disease","5323"
"2018","Oklahoma","Heart failure","824"
"2018","Oklahoma","Other diseases of the circulatory system","1552"
"2018","Oregon","Ischemic heart disease","3106"
"2018","Oregon","Renal failure","48"
"2018","Oregon","Heart failure","1012"
"2018","Oregon","Hypertensive diseases","1056"
"2018","Oregon","Chronic lower respiratory disease","1887"
"2018","Oregon","Cerebrovascular diseases","2018"
"2018","Oregon","Other diseases of the respiratory system","405"
"2018","Oregon","Other diseases of the circulatory system","2545"
"2018","Oregon","Influenza and pneumonia","333"
"2018","Oregon","Alzheimer disease and dementia","4118"
"2018","Oregon","Diabetes","1230"
"2018","Oregon","Malignant neoplasms","8082"
"2018","Pennsylvania","Renal failure","2874"
"2018","Pennsylvania","Cerebrovascular diseases","6696"
"2018","Pennsylvania","Heart failure","5064"
"2018","Pennsylvania","Chronic lower respiratory disease","6470"
"2018","Pennsylvania","Hypertensive diseases","2988"
"2018","Pennsylvania","Malignant neoplasms","28197"
"2018","Pennsylvania","Influenza and pneumonia","2927"
"2018","Pennsylvania","Ischemic heart disease","17602"
"2018","Pennsylvania","Other diseases of the circulatory system","9814"
"2018","Pennsylvania","Other diseases of the respiratory system","3781"
"2018","Pennsylvania","Sepsis","2466"
"2018","Pennsylvania","Diabetes","3591"
"2018","Pennsylvania","Alzheimer disease and dementia","12555"
"2018","Puerto Rico","Influenza and pneumonia","775"
"2018","Puerto Rico","Ischemic heart disease","3351"
"2018","Puerto Rico","Chronic lower respiratory disease","1041"
"2018","Puerto Rico","Heart failure","349"
"2018","Puerto Rico","Alzheimer disease and dementia","2544"
"2018","Puerto Rico","Hypertensive diseases","1221"
"2018","Puerto Rico","Sepsis","594"
"2018","Puerto Rico","Renal failure","884"
"2018","Puerto Rico","Cerebrovascular diseases","1157"
"2018","Puerto Rico","Other diseases of the circulatory system","901"
"2018","Puerto Rico","Other diseases of the respiratory system","448"
"2018","Puerto Rico","Malignant neoplasms","5027"
"2018","Puerto Rico","Diabetes","3060"
"2018","Rhode Island","Influenza and pneumonia","26"
"2018","Rhode Island","Heart failure","11"
"2018","Rhode Island","Malignant neoplasms","2244"
"2018","Rhode Island","Ischemic heart disease","1577"
"2018","Rhode Island","Hypertensive diseases","22"
"2018","Rhode Island","Alzheimer disease and dementia","1281"
"2018","Rhode Island","Other diseases of the circulatory system","275"
"2018","Rhode Island","Cerebrovascular diseases","206"
"2018","Rhode Island","Chronic lower respiratory disease","280"
"2018","South Carolina","Malignant neoplasms","10075"
"2018","South Carolina","Hypertensive diseases","1422"
"2018","South Carolina","Heart failure","1382"
"2018","South Carolina","Other diseases of the respiratory system","1044"
"2018","South Carolina","Cerebrovascular diseases","2756"
"2018","South Carolina","Ischemic heart disease","5159"
"2018","South Carolina","Other diseases of the circulatory system","3376"
"2018","South Carolina","Chronic lower respiratory disease","2947"
"2018","South Carolina","Renal failure","906"
"2018","South Carolina","Influenza and pneumonia","680"
"2018","South Carolina","Diabetes","1554"
"2018","South Carolina","Sepsis","842"
"2018","South Carolina","Alzheimer disease and dementia","5115"
"2018","South Dakota","Other diseases of the circulatory system","197"
"2018","South Dakota","Hypertensive diseases","12"
"2018","South Dakota","Cerebrovascular diseases","100"
"2018","South Dakota","Malignant neoplasms","1646"
"2018","South Dakota","Ischemic heart disease","1190"
"2018","South Dakota","Influenza and pneumonia","12"
"2018","South Dakota","Chronic lower respiratory disease","259"
"2018","South Dakota","Alzheimer disease and dementia","607"
"2018","South Dakota","Diabetes","44"
"2018","Tennessee","Heart failure","1581"
"2018","Tennessee","Malignant neoplasms","14695"
"2018","Tennessee","Other diseases of the circulatory system","3959"
"2018","Tennessee","Alzheimer disease and dementia","7109"
"2018","Tennessee","Other diseases of the respiratory system","1634"
"2018","Tennessee","Sepsis","1055"
"2018","Tennessee","Chronic lower respiratory disease","4827"
"2018","Tennessee","Ischemic heart disease","10255"
"2018","Tennessee","Diabetes","2080"
"2018","Tennessee","Hypertensive diseases","2768"
"2018","Tennessee","Influenza and pneumonia","1789"
"2018","Tennessee","Cerebrovascular diseases","3905"
"2018","Tennessee","Renal failure","1181"
"2018","Texas","Influenza and pneumonia","3594"
"2018","Texas","Ischemic heart disease","26527"
"2018","Texas","Chronic lower respiratory disease","10892"
"2018","Texas","Alzheimer disease and dementia","19296"
"2018","Texas","Renal failure","4504"
"2018","Texas","Other diseases of the circulatory system","12096"
"2018","Texas","Diabetes","6017"
"2018","Texas","Other diseases of the respiratory system","4984"
"2018","Texas","Cerebrovascular diseases","10951"
"2018","Texas","Hypertensive diseases","6846"
"2018","Texas","Malignant neoplasms","41323"
"2018","Texas","Heart failure","5798"
"2018","Texas","Sepsis","4483"
"2018","United States","Diabetes","84855"
"2018","United States","Cerebrovascular diseases","147835"
"2018","United States","Malignant neoplasms","598589"
"2018","United States","Heart failure","83430"
"2018","United States","Chronic lower respiratory disease","159343"
"2018","United States","Influenza and pneumonia","59235"
"2018","United States","Sepsis","40741"
"2018","United States","Other diseases of the respiratory system","66199"
"2018","United States","Renal failure","50361"
"2018","United States","Ischemic heart disease","366170"
"2018","United States","Alzheimer disease and dementia","266385"
"2018","United States","Hypertensive diseases","95923"
"2018","United States","Other diseases of the circulatory system","175626"
"2018","Utah","Chronic lower respiratory disease","855"
"2018","Utah","Influenza and pneumonia","163"
"2018","Utah","Diabetes","496"
"2018","Utah","Hypertensive diseases","154"
"2018","Utah","Malignant neoplasms","3354"
"2018","Utah","Cerebrovascular diseases","963"
"2018","Utah","Alzheimer disease and dementia","1909"
"2018","Utah","Renal failure","36"
"2018","Utah","Other diseases of the respiratory system","110"
"2018","Utah","Heart failure","849"
"2018","Utah","Other diseases of the circulatory system","1181"
"2018","Utah","Ischemic heart disease","1678"
"2018","Vermont","Ischemic heart disease","771"
"2018","Vermont","Chronic lower respiratory disease","57"
"2018","Vermont","Alzheimer disease and dementia","477"
"2018","Vermont","Other diseases of the circulatory system","59"
"2018","Vermont","Malignant neoplasms","1342"
"2018","Vermont","Hypertensive diseases","12"
"2018","Virginia","Renal failure","1512"
"2018","Virginia","Sepsis","1112"
"2018","Virginia","Heart failure","2398"
"2018","Virginia","Alzheimer disease and dementia","7150"
"2018","Virginia","Chronic lower respiratory disease","3404"
"2018","Virginia","Hypertensive diseases","1706"
"2018","Virginia","Other diseases of the respiratory system","1865"
"2018","Virginia","Influenza and pneumonia","1200"
"2018","Virginia","Diabetes","2270"
"2018","Virginia","Other diseases of the circulatory system","4446"
"2018","Virginia","Malignant neoplasms","14887"
"2018","Virginia","Ischemic heart disease","7367"
"2018","Virginia","Cerebrovascular diseases","3753"
"2018","Washington","Ischemic heart disease","6768"
"2018","Washington","Diabetes","1773"
"2018","Washington","Chronic lower respiratory disease","3003"
"2018","Washington","Other diseases of the respiratory system","1424"
"2018","Washington","Sepsis","340"
"2018","Washington","Other diseases of the circulatory system","3640"
"2018","Washington","Alzheimer disease and dementia","5967"
"2018","Washington","Malignant neoplasms","12845"
"2018","Washington","Renal failure","61"
"2018","Washington","Hypertensive diseases","2020"
"2018","Washington","Cerebrovascular diseases","2897"
"2018","Washington","Heart failure","493"
"2018","Washington","Influenza and pneumonia","791"
"2018","West Virginia","Chronic lower respiratory disease","1682"
"2018","West Virginia","Influenza and pneumonia","265"
"2018","West Virginia","Other diseases of the respiratory system","131"
"2018","West Virginia","Hypertensive diseases","380"
"2018","West Virginia","Cerebrovascular diseases","935"
"2018","West Virginia","Renal failure","224"
"2018","West Virginia","Ischemic heart disease","3268"
"2018","West Virginia","Alzheimer disease and dementia","1789"
"2018","West Virginia","Diabetes","913"
"2018","West Virginia","Sepsis","65"
"2018","West Virginia","Malignant neoplasms","4572"
"2018","West Virginia","Heart failure","332"
"2018","West Virginia","Other diseases of the circulatory system","1008"
"2018","Wisconsin","Other diseases of the respiratory system","1133"
"2018","Wisconsin","Malignant neoplasms","11376"
"2018","Wisconsin","Renal failure","853"
"2018","Wisconsin","Heart failure","1570"
"2018","Wisconsin","Other diseases of the circulatory system","3578"
"2018","Wisconsin","Influenza and pneumonia","971"
"2018","Wisconsin","Sepsis","359"
"2018","Wisconsin","Hypertensive diseases","1361"
"2018","Wisconsin","Cerebrovascular diseases","2516"
"2018","Wisconsin","Alzheimer disease and dementia","5832"
"2018","Wisconsin","Ischemic heart disease","6577"
"2018","Wisconsin","Diabetes","1518"
"2018","Wisconsin","Chronic lower respiratory disease","2863"
"2018","Wyoming","Malignant neoplasms","916"
"2018","Wyoming","Chronic lower respiratory disease","139"
"2018","Wyoming","Ischemic heart disease","319"
"2018","Wyoming","Alzheimer disease and dementia","75"
"2019","Alabama","Other diseases of the circulatory system","5276"
"2019","Alabama","Cerebrovascular diseases","3023"
"2019","Alabama","Diabetes","1196"
"2019","Alabama","Heart failure","2477"
"2019","Alabama","Hypertensive diseases","1823"
"2019","Alabama","Other diseases of the respiratory system","1326"
"2019","Alabama","Influenza and pneumonia","932"
"2019","Alabama","Chronic lower respiratory disease","3458"
"2019","Alabama","Ischemic heart disease","4793"
"2019","Alabama","Alzheimer disease and dementia","4951"
"2019","Alabama","Malignant neoplasms","10028"
"2019","Alabama","Renal failure","963"
"2019","Alabama","Sepsis","1022"
"2019","Alaska","Malignant neoplasms","969"
"2019","Alaska","Ischemic heart disease","177"
"2019","Alaska","Other diseases of the circulatory system","25"
"2019","Alaska","Alzheimer disease and dementia","11"
"2019","Arizona","Hypertensive diseases","2614"
"2019","Arizona","Malignant neoplasms","12642"
"2019","Arizona","Heart failure","788"
"2019","Arizona","Influenza and pneumonia","912"
"2019","Arizona","Chronic lower respiratory disease","3681"
"2019","Arizona","Sepsis","58"
"2019","Arizona","Other diseases of the respiratory system","1175"
"2019","Arizona","Ischemic heart disease","7768"
"2019","Arizona","Cerebrovascular diseases","2860"
"2019","Arizona","Diabetes","2180"
"2019","Arizona","Alzheimer disease and dementia","5550"
"2019","Arizona","Renal failure","707"
"2019","Arizona","Other diseases of the circulatory system","3188"
"2019","Arkansas","Hypertensive diseases","1687"
"2019","Arkansas","Alzheimer disease and dementia","3087"
"2019","Arkansas","Cerebrovascular diseases","1475"
"2019","Arkansas","Heart failure","922"
"2019","Arkansas","Sepsis","171"
"2019","Arkansas","Diabetes","1167"
"2019","Arkansas","Influenza and pneumonia","411"
"2019","Arkansas","Ischemic heart disease","5126"
"2019","Arkansas","Malignant neoplasms","6347"
"2019","Arkansas","Renal failure","465"
"2019","Arkansas","Chronic lower respiratory disease","2339"
"2019","Arkansas","Other diseases of the respiratory system","409"
"2019","Arkansas","Other diseases of the circulatory system","1433"
"2019","California","Malignant neoplasms","59633"
"2019","California","Diabetes","9827"
"2019","California","Ischemic heart disease","36668"
"2019","California","Other diseases of the circulatory system","13689"
"2019","California","Alzheimer disease and dementia","25666"
"2019","California","Chronic lower respiratory disease","13101"
"2019","California","Heart failure","8231"
"2019","California","Renal failure","3894"
"2019","California","Hypertensive diseases","12272"
"2019","California","Other diseases of the respiratory system","4680"
"2019","California","Influenza and pneumonia","5635"
"2019","California","Cerebrovascular diseases","16819"
"2019","California","Sepsis","1613"
"2019","Colorado","Other diseases of the respiratory system","874"
"2019","Colorado","Ischemic heart disease","3885"
"2019","Colorado","Diabetes","1053"
"2019","Colorado","Heart failure","930"
"2019","Colorado","Other diseases of the circulatory system","2465"
"2019","Colorado","Cerebrovascular diseases","2051"
"2019","Colorado","Alzheimer disease and dementia","3755"
"2019","Colorado","Malignant neoplasms","8059"
"2019","Colorado","Sepsis","202"
"2019","Colorado","Chronic lower respiratory disease","2525"
"2019","Colorado","Renal failure","237"
"2019","Colorado","Hypertensive diseases","1435"
"2019","Colorado","Influenza and pneumonia","262"
"2019","Connecticut","Other diseases of the respiratory system","985"
"2019","Connecticut","Renal failure","474"
"2019","Connecticut","Other diseases of the circulatory system","2361"
"2019","Connecticut","Diabetes","693"
"2019","Connecticut","Influenza and pneumonia","371"
"2019","Connecticut","Cerebrovascular diseases","1379"
"2019","Connecticut","Malignant neoplasms","6561"
"2019","Connecticut","Alzheimer disease and dementia","3429"
"2019","Connecticut","Hypertensive diseases","654"
"2019","Connecticut","Chronic lower respiratory disease","1400"
"2019","Connecticut","Heart failure","1181"
"2019","Connecticut","Sepsis","441"
"2019","Connecticut","Ischemic heart disease","3719"
"2019","Delaware","Ischemic heart disease","1061"
"2019","Delaware","Other diseases of the circulatory system","437"
"2019","Delaware","Diabetes","11"
"2019","Delaware","Malignant neoplasms","2064"
"2019","Delaware","Cerebrovascular diseases","436"
"2019","Delaware","Chronic lower respiratory disease","243"
"2019","Delaware","Alzheimer disease and dementia","750"
"2019","District of Columbia","Hypertensive diseases","95"
"2019","District of Columbia","Other diseases of the circulatory system","38"
"2019","District of Columbia","Alzheimer disease and dementia","12"
"2019","District of Columbia","Cerebrovascular diseases","70"
"2019","District of Columbia","Ischemic heart disease","780"
"2019","District of Columbia","Malignant neoplasms","1230"
"2019","Florida","Diabetes","6224"
"2019","Florida","Chronic lower respiratory disease","12088"
"2019","Florida","Alzheimer disease and dementia","17388"
"2019","Florida","Heart failure","4300"
"2019","Florida","Other diseases of the circulatory system","11295"
"2019","Florida","Renal failure","3242"
"2019","Florida","Other diseases of the respiratory system","4153"
"2019","Florida","Malignant neoplasms","45454"
"2019","Florida","Sepsis","2556"
"2019","Florida","Influenza and pneumonia","2744"
"2019","Florida","Cerebrovascular diseases","14138"
"2019","Florida","Hypertensive diseases","7222"
"2019","Florida","Ischemic heart disease","30039"
"2019","Georgia","Cerebrovascular diseases","4467"
"2019","Georgia","Diabetes","2393"
"2019","Georgia","Alzheimer disease and dementia","7932"
"2019","Georgia","Influenza and pneumonia","1341"
"2019","Georgia","Renal failure","2009"
"2019","Georgia","Other diseases of the circulatory system","6128"
"2019","Georgia","Hypertensive diseases","3798"
"2019","Georgia","Ischemic heart disease","7820"
"2019","Georgia","Heart failure","3658"
"2019","Georgia","Other diseases of the respiratory system","2479"
"2019","Georgia","Chronic lower respiratory disease","4745"
"2019","Georgia","Sepsis","1742"
"2019","Georgia","Malignant neoplasms","17816"
"2019","Hawaii","Diabetes","11"
"2019","Hawaii","Hypertensive diseases","223"
"2019","Hawaii","Cerebrovascular diseases","774"
"2019","Hawaii","Ischemic heart disease","1289"
"2019","Hawaii","Alzheimer disease and dementia","1336"
"2019","Hawaii","Chronic lower respiratory disease","111"
"2019","Hawaii","Malignant neoplasms","2507"
"2019","Hawaii","Other diseases of the circulatory system","769"
"2019","Hawaii","Influenza and pneumonia","147"
"2019","Hawaii","Other diseases of the respiratory system","15"
"2019","Idaho","Chronic lower respiratory disease","981"
"2019","Idaho","Other diseases of the respiratory system","78"
"2019","Idaho","Other diseases of the circulatory system","979"
"2019","Idaho","Influenza and pneumonia","24"
"2019","Idaho","Hypertensive diseases","46"
"2019","Idaho","Diabetes","171"
"2019","Idaho","Malignant neoplasms","2885"
"2019","Idaho","Ischemic heart disease","1536"
"2019","Idaho","Alzheimer disease and dementia","1397"
"2019","Idaho","Heart failure","143"
"2019","Idaho","Cerebrovascular diseases","625"
"2019","Illinois","Heart failure","4396"
"2019","Illinois","Alzheimer disease and dementia","10220"
"2019","Illinois","Sepsis","1617"
"2019","Illinois","Ischemic heart disease","11900"
"2019","Illinois","Cerebrovascular diseases","5902"
"2019","Illinois","Renal failure","2421"
"2019","Illinois","Chronic lower respiratory disease","5385"
"2019","Illinois","Other diseases of the respiratory system","2299"
"2019","Illinois","Hypertensive diseases","3684"
"2019","Illinois","Other diseases of the circulatory system","7324"
"2019","Illinois","Diabetes","2747"
"2019","Illinois","Influenza and pneumonia","2057"
"2019","Illinois","Malignant neoplasms","23309"
"2019","Indiana","Influenza and pneumonia","865"
"2019","Indiana","Cerebrovascular diseases","3375"
"2019","Indiana","Ischemic heart disease","7672"
"2019","Indiana","Heart failure","2158"
"2019","Indiana","Hypertensive diseases","1906"
"2019","Indiana","Diabetes","2073"
"2019","Indiana","Other diseases of the respiratory system","1742"
"2019","Indiana","Alzheimer disease and dementia","6287"
"2019","Indiana","Chronic lower respiratory disease","4707"
"2019","Indiana","Other diseases of the circulatory system","4416"
"2019","Indiana","Sepsis","1210"
"2019","Indiana","Renal failure","1398"
"2019","Indiana","Malignant neoplasms","13373"
"2019","Iowa","Heart failure","786"
"2019","Iowa","Hypertensive diseases","1000"
"2019","Iowa","Renal failure","149"
"2019","Iowa","Other diseases of the respiratory system","712"
"2019","Iowa","Diabetes","850"
"2019","Iowa","Other diseases of the circulatory system","1940"
"2019","Iowa","Influenza and pneumonia","362"
"2019","Iowa","Sepsis","65"
"2019","Iowa","Chronic lower respiratory disease","1861"
"2019","Iowa","Ischemic heart disease","4386"
"2019","Iowa","Malignant neoplasms","6288"
"2019","Iowa","Alzheimer disease and dementia","3207"
"2019","Iowa","Cerebrovascular diseases","1366"
"2019","Kansas","Hypertensive diseases","688"
"2019","Kansas","Sepsis","11"
"2019","Kansas","Renal failure","322"
"2019","Kansas","Chronic lower respiratory disease","1734"
"2019","Kansas","Other diseases of the respiratory system","610"
"2019","Kansas","Diabetes","839"
"2019","Kansas","Influenza and pneumonia","272"
"2019","Kansas","Cerebrovascular diseases","1218"
"2019","Kansas","Ischemic heart disease","3578"
"2019","Kansas","Other diseases of the circulatory system","1409"
"2019","Kansas","Alzheimer disease and dementia","2823"
"2019","Kansas","Malignant neoplasms","5375"
"2019","Kansas","Heart failure","702"
"2019","Kentucky","Other diseases of the respiratory system","1433"
"2019","Kentucky","Heart failure","1665"
"2019","Kentucky","Cerebrovascular diseases","2230"
"2019","Kentucky","Renal failure","973"
"2019","Kentucky","Chronic lower respiratory disease","3485"
"2019","Kentucky","Malignant neoplasms","10008"
"2019","Kentucky","Alzheimer disease and dementia","4459"
"2019","Kentucky","Diabetes","1601"
"2019","Kentucky","Ischemic heart disease","5416"
"2019","Kentucky","Hypertensive diseases","1214"
"2019","Kentucky","Sepsis","912"
"2019","Kentucky","Influenza and pneumonia","742"
"2019","Kentucky","Other diseases of the circulatory system","3185"
"2019","Louisiana","Malignant neoplasms","9421"
"2019","Louisiana","Alzheimer disease and dementia","3726"
"2019","Louisiana","Cerebrovascular diseases","2393"
"2019","Louisiana","Other diseases of the respiratory system","1323"
"2019","Louisiana","Other diseases of the circulatory system","3089"
"2019","Louisiana","Sepsis","1146"
"2019","Louisiana","Ischemic heart disease","5118"
"2019","Louisiana","Heart failure","2252"
"2019","Louisiana","Influenza and pneumonia","461"
"2019","Louisiana","Renal failure","1023"
"2019","Louisiana","Hypertensive diseases","1488"
"2019","Louisiana","Diabetes","1460"
"2019","Louisiana","Chronic lower respiratory disease","2164"
"2019","Maine","Other diseases of the circulatory system","918"
"2019","Maine","Hypertensive diseases","148"
"2019","Maine","Influenza and pneumonia","48"
"2019","Maine","Ischemic heart disease","1606"
"2019","Maine","Other diseases of the respiratory system","24"
"2019","Maine","Malignant neoplasms","3332"
"2019","Maine","Chronic lower respiratory disease","1005"
"2019","Maine","Diabetes","216"
"2019","Maine","Alzheimer disease and dementia","1875"
"2019","Maine","Cerebrovascular diseases","486"
"2019","Maryland","Sepsis","808"
"2019","Maryland","Ischemic heart disease","6350"
"2019","Maryland","Influenza and pneumonia","725"
"2019","Maryland","Renal failure","638"
"2019","Maryland","Alzheimer disease and dementia","4597"
"2019","Maryland","Hypertensive diseases","2025"
"2019","Maryland","Cerebrovascular diseases","2941"
"2019","Maryland","Diabetes","1500"
"2019","Maryland","Chronic lower respiratory disease","2143"
"2019","Maryland","Other diseases of the circulatory system","3536"
"2019","Maryland","Heart failure","932"
"2019","Maryland","Other diseases of the respiratory system","998"
"2019","Maryland","Malignant neoplasms","10750"
"2019","Massachusetts","Ischemic heart disease","5832"
"2019","Massachusetts","Influenza and pneumonia","1235"
"2019","Massachusetts","Chronic lower respiratory disease","2874"
"2019","Massachusetts","Cerebrovascular diseases","2461"
"2019","Massachusetts","Renal failure","1289"
"2019","Massachusetts","Other diseases of the circulatory system","3919"
"2019","Massachusetts","Heart failure","2089"
"2019","Massachusetts","Other diseases of the respiratory system","1707"
"2019","Massachusetts","Alzheimer disease and dementia","7614"
"2019","Massachusetts","Sepsis","949"
"2019","Massachusetts","Malignant neoplasms","12945"
"2019","Massachusetts","Hypertensive diseases","1317"
"2019","Massachusetts","Diabetes","1376"
"2019","Michigan","Renal failure","1806"
"2019","Michigan","Ischemic heart disease","14290"
"2019","Michigan","Influenza and pneumonia","1637"
"2019","Michigan","Heart failure","3625"
"2019","Michigan","Other diseases of the respiratory system","1873"
"2019","Michigan","Sepsis","1131"
"2019","Michigan","Malignant neoplasms","20578"
"2019","Michigan","Alzheimer disease and dementia","8641"
"2019","Michigan","Chronic lower respiratory disease","5686"
"2019","Michigan","Diabetes","2870"
"2019","Michigan","Hypertensive diseases","3765"
"2019","Michigan","Other diseases of the circulatory system","5640"
"2019","Michigan","Cerebrovascular diseases","5073"
"2019","Minnesota","Hypertensive diseases","1326"
"2019","Minnesota","Heart failure","1093"
"2019","Minnesota","Renal failure","155"
"2019","Minnesota","Alzheimer disease and dementia","5780"
"2019","Minnesota","Diabetes","1383"
"2019","Minnesota","Other diseases of the circulatory system","2970"
"2019","Minnesota","Malignant neoplasms","10087"
"2019","Minnesota","Chronic lower respiratory disease","2264"
"2019","Minnesota","Influenza and pneumonia","291"
"2019","Minnesota","Sepsis","134"
"2019","Minnesota","Ischemic heart disease","4129"
"2019","Minnesota","Other diseases of the respiratory system","856"
"2019","Minnesota","Cerebrovascular diseases","2345"
"2019","Mississippi","Diabetes","1158"
"2019","Mississippi","Ischemic heart disease","3858"
"2019","Mississippi","Sepsis","102"
"2019","Mississippi","Renal failure","675"
"2019","Mississippi","Cerebrovascular diseases","1746"
"2019","Mississippi","Other diseases of the respiratory system","572"
"2019","Mississippi","Other diseases of the circulatory system","1570"
"2019","Mississippi","Hypertensive diseases","1636"
"2019","Mississippi","Influenza and pneumonia","735"
"2019","Mississippi","Malignant neoplasms","6427"
"2019","Mississippi","Chronic lower respiratory disease","2066"
"2019","Mississippi","Alzheimer disease and dementia","2621"
"2019","Mississippi","Heart failure","1520"
"2019","Missouri","Other diseases of the circulatory system","4167"
"2019","Missouri","Malignant neoplasms","13354"
"2019","Missouri","Alzheimer disease and dementia","5698"
"2019","Missouri","Sepsis","961"
"2019","Missouri","Heart failure","2561"
"2019","Missouri","Chronic lower respiratory disease","3839"
"2019","Missouri","Other diseases of the respiratory system","2027"
"2019","Missouri","Influenza and pneumonia","1091"
"2019","Missouri","Hypertensive diseases","1673"
"2019","Missouri","Diabetes","1661"
"2019","Missouri","Cerebrovascular diseases","3238"
"2019","Missouri","Renal failure","1517"
"2019","Missouri","Ischemic heart disease","8070"
"2019","Montana","Cerebrovascular diseases","87"
"2019","Montana","Other diseases of the circulatory system","523"
"2019","Montana","Influenza and pneumonia","11"
"2019","Montana","Alzheimer disease and dementia","1040"
"2019","Montana","Malignant neoplasms","2083"
"2019","Montana","Heart failure","33"
"2019","Montana","Ischemic heart disease","1328"
"2019","Montana","Chronic lower respiratory disease","698"
"2019","Nebraska","Influenza and pneumonia","89"
"2019","Nebraska","Diabetes","314"
"2019","Nebraska","Chronic lower respiratory disease","1121"
"2019","Nebraska","Heart failure","345"
"2019","Nebraska","Malignant neoplasms","3523"
"2019","Nebraska","Alzheimer disease and dementia","1933"
"2019","Nebraska","Ischemic heart disease","1712"
"2019","Nebraska","Other diseases of the respiratory system","190"
"2019","Nebraska","Cerebrovascular diseases","757"
"2019","Nebraska","Hypertensive diseases","297"
"2019","Nebraska","Other diseases of the circulatory system","1233"
"2019","Nevada","Hypertensive diseases","1269"
"2019","Nevada","Renal failure","22"
"2019","Nevada","Malignant neoplasms","5382"
"2019","Nevada","Ischemic heart disease","3816"
"2019","Nevada","Chronic lower respiratory disease","1697"
"2019","Nevada","Other diseases of the circulatory system","2204"
"2019","Nevada","Diabetes","843"
"2019","Nevada","Other diseases of the respiratory system","14"
"2019","Nevada","Influenza and pneumonia","233"
"2019","Nevada","Cerebrovascular diseases","1378"
"2019","Nevada","Alzheimer disease and dementia","1802"
"2019","Nevada","Heart failure","159"
"2019","New Hampshire","Influenza and pneumonia","11"
"2019","New Hampshire","Heart failure","118"
"2019","New Hampshire","Alzheimer disease and dementia","1449"
"2019","New Hampshire","Other diseases of the circulatory system","796"
"2019","New Hampshire","Diabetes","62"
"2019","New Hampshire","Hypertensive diseases","23"
"2019","New Hampshire","Chronic lower respiratory disease","628"
"2019","New Hampshire","Malignant neoplasms","2666"
"2019","New Hampshire","Other diseases of the respiratory system","48"
"2019","New Hampshire","Ischemic heart disease","1408"
"2019","New Hampshire","Cerebrovascular diseases","235"
"2019","New Jersey","Malignant neoplasms","15487"
"2019","New Jersey","Ischemic heart disease","9741"
"2019","New Jersey","Heart failure","2810"
"2019","New Jersey","Sepsis","1992"
"2019","New Jersey","Hypertensive diseases","2019"
"2019","New Jersey","Other diseases of the respiratory system","2615"
"2019","New Jersey","Diabetes","1912"
"2019","New Jersey","Influenza and pneumonia","1257"
"2019","New Jersey","Renal failure","1596"
"2019","New Jersey","Chronic lower respiratory disease","3048"
"2019","New Jersey","Alzheimer disease and dementia","6694"
"2019","New Jersey","Cerebrovascular diseases","3479"
"2019","New Jersey","Other diseases of the circulatory system","5575"
"2019","New Mexico","Ischemic heart disease","2896"
"2019","New Mexico","Other diseases of the circulatory system","637"
"2019","New Mexico","Influenza and pneumonia","49"
"2019","New Mexico","Diabetes","532"
"2019","New Mexico","Malignant neoplasms","3486"
"2019","New Mexico","Chronic lower respiratory disease","1084"
"2019","New Mexico","Hypertensive diseases","90"
"2019","New Mexico","Cerebrovascular diseases","743"
"2019","New Mexico","Heart failure","165"
"2019","New Mexico","Alzheimer disease and dementia","1373"
"2019","New Mexico","Renal failure","46"
"2019","New York","Ischemic heart disease","16255"
"2019","New York","Influenza and pneumonia","2582"
"2019","New York","Heart failure","2378"
"2019","New York","Other diseases of the circulatory system","6132"
"2019","New York","Renal failure","1920"
"2019","New York","Malignant neoplasms","21187"
"2019","New York","Hypertensive diseases","3606"
"2019","New York","Chronic lower respiratory disease","5203"
"2019","New York","Sepsis","1249"
"2019","New York","Cerebrovascular diseases","4198"
"2019","New York","Other diseases of the respiratory system","2570"
"2019","New York","Diabetes","2626"
"2019","New York","Alzheimer disease and dementia","9374"
"2019","New York City","Cerebrovascular diseases","1877"
"2019","New York City","Sepsis","172"
"2019","New York City","Alzheimer disease and dementia","3009"
"2019","New York City","Renal failure","326"
"2019","New York City","Influenza and pneumonia","1623"
"2019","New York City","Other diseases of the respiratory system","630"
"2019","New York City","Ischemic heart disease","13517"
"2019","New York City","Malignant neoplasms","12396"
"2019","New York City","Heart failure","88"
"2019","New York City","Chronic lower respiratory disease","1800"
"2019","New York City","Hypertensive diseases","3794"
"2019","New York City","Other diseases of the circulatory system","1910"
"2019","New York City","Diabetes","1899"
"2019","North Carolina","Heart failure","3278"
"2019","North Carolina","Hypertensive diseases","2443"
"2019","North Carolina","Ischemic heart disease","10359"
"2019","North Carolina","Chronic lower respiratory disease","5425"
"2019","North Carolina","Other diseases of the respiratory system","2416"
"2019","North Carolina","Cerebrovascular diseases","5227"
"2019","North Carolina","Renal failure","2105"
"2019","North Carolina","Other diseases of the circulatory system","5605"
"2019","North Carolina","Diabetes","3137"
"2019","North Carolina","Influenza and pneumonia","1742"
"2019","North Carolina","Alzheimer disease and dementia","9967"
"2019","North Carolina","Malignant neoplasms","20224"
"2019","North Carolina","Sepsis","1550"
"2019","North Dakota","Cerebrovascular diseases","58"
"2019","North Dakota","Malignant neoplasms","1415"
"2019","North Dakota","Alzheimer disease and dementia","607"
"2019","North Dakota","Diabetes","14"
"2019","North Dakota","Other diseases of the circulatory system","261"
"2019","North Dakota","Chronic lower respiratory disease","105"
"2019","North Dakota","Ischemic heart disease","840"
"2019","Ohio","Hypertensive diseases","3791"
"2019","Ohio","Other diseases of the respiratory system","3214"
"2019","Ohio","Other diseases of the circulatory system","8485"
"2019","Ohio","Malignant neoplasms","25206"
"2019","Ohio","Renal failure","2108"
"2019","Ohio","Cerebrovascular diseases","6494"
"2019","Ohio","Heart failure","3995"
"2019","Ohio","Ischemic heart disease","15234"
"2019","Ohio","Chronic lower respiratory disease","7154"
"2019","Ohio","Influenza and pneumonia","1902"
"2019","Ohio","Alzheimer disease and dementia","11820"
"2019","Ohio","Diabetes","3836"
"2019","Ohio","Sepsis","1899"
"2019","Oklahoma","Sepsis","37"
"2019","Oklahoma","Malignant neoplasms","8068"
"2019","Oklahoma","Alzheimer disease and dementia","3427"
"2019","Oklahoma","Renal failure","176"
"2019","Oklahoma","Other diseases of the respiratory system","500"
"2019","Oklahoma","Cerebrovascular diseases","1744"
"2019","Oklahoma","Chronic lower respiratory disease","2902"
"2019","Oklahoma","Hypertensive diseases","3761"
"2019","Oklahoma","Other diseases of the circulatory system","1601"
"2019","Oklahoma","Diabetes","1256"
"2019","Oklahoma","Influenza and pneumonia","380"
"2019","Oklahoma","Heart failure","781"
"2019","Oklahoma","Ischemic heart disease","5230"
"2019","Oregon","Chronic lower respiratory disease","2086"
"2019","Oregon","Sepsis","14"
"2019","Oregon","Diabetes","1260"
"2019","Oregon","Other diseases of the respiratory system","496"
"2019","Oregon","Hypertensive diseases","1134"
"2019","Oregon","Renal failure","82"
"2019","Oregon","Other diseases of the circulatory system","2679"
"2019","Oregon","Cerebrovascular diseases","2124"
"2019","Oregon","Heart failure","948"
"2019","Oregon","Ischemic heart disease","3333"
"2019","Oregon","Malignant neoplasms","8059"
"2019","Oregon","Alzheimer disease and dementia","4254"
"2019","Oregon","Influenza and pneumonia","262"
"2019","Pennsylvania","Chronic lower respiratory disease","6324"
"2019","Pennsylvania","Alzheimer disease and dementia","12829"
"2019","Pennsylvania","Ischemic heart disease","16877"
"2019","Pennsylvania","Malignant neoplasms","27861"
"2019","Pennsylvania","Cerebrovascular diseases","6691"
"2019","Pennsylvania","Heart failure","5114"
"2019","Pennsylvania","Diabetes","3651"
"2019","Pennsylvania","Renal failure","2935"
"2019","Pennsylvania","Other diseases of the respiratory system","3747"
"2019","Pennsylvania","Sepsis","2353"
"2019","Pennsylvania","Other diseases of the circulatory system","9813"
"2019","Pennsylvania","Influenza and pneumonia","2498"
"2019","Pennsylvania","Hypertensive diseases","3087"
"2019","Puerto Rico","Cerebrovascular diseases","1131"
"2019","Puerto Rico","Hypertensive diseases","1255"
"2019","Puerto Rico","Heart failure","240"
"2019","Puerto Rico","Malignant neoplasms","5069"
"2019","Puerto Rico","Renal failure","735"
"2019","Puerto Rico","Other diseases of the circulatory system","894"
"2019","Puerto Rico","Alzheimer disease and dementia","2733"
"2019","Puerto Rico","Sepsis","564"
"2019","Puerto Rico","Diabetes","3068"
"2019","Puerto Rico","Other diseases of the respiratory system","578"
"2019","Puerto Rico","Ischemic heart disease","3387"
"2019","Puerto Rico","Chronic lower respiratory disease","1290"
"2019","Puerto Rico","Influenza and pneumonia","728"
"2019","Rhode Island","Ischemic heart disease","1574"
"2019","Rhode Island","Chronic lower respiratory disease","244"
"2019","Rhode Island","Cerebrovascular diseases","186"
"2019","Rhode Island","Malignant neoplasms","2267"
"2019","Rhode Island","Alzheimer disease and dementia","1306"
"2019","Rhode Island","Heart failure","13"
"2019","Rhode Island","Other diseases of the circulatory system","378"
"2019","South Carolina","Chronic lower respiratory disease","2857"
"2019","South Carolina","Diabetes","1590"
"2019","South Carolina","Other diseases of the respiratory system","1207"
"2019","South Carolina","Renal failure","944"
"2019","South Carolina","Heart failure","1567"
"2019","South Carolina","Ischemic heart disease","4983"
"2019","South Carolina","Cerebrovascular diseases","2630"
"2019","South Carolina","Sepsis","837"
"2019","South Carolina","Other diseases of the circulatory system","3312"
"2019","South Carolina","Influenza and pneumonia","459"
"2019","South Carolina","Alzheimer disease and dementia","5072"
"2019","South Carolina","Malignant neoplasms","10204"
"2019","South Carolina","Hypertensive diseases","1654"
"2019","South Dakota","Chronic lower respiratory disease","304"
"2019","South Dakota","Alzheimer disease and dementia","590"
"2019","South Dakota","Ischemic heart disease","1213"
"2019","South Dakota","Hypertensive diseases","35"
"2019","South Dakota","Influenza and pneumonia","11"
"2019","South Dakota","Malignant neoplasms","1738"
"2019","South Dakota","Other diseases of the circulatory system","169"
"2019","South Dakota","Cerebrovascular diseases","81"
"2019","Tennessee","Other diseases of the circulatory system","3923"
"2019","Tennessee","Other diseases of the respiratory system","1696"
"2019","Tennessee","Diabetes","2216"
"2019","Tennessee","Hypertensive diseases","3235"
"2019","Tennessee","Ischemic heart disease","10415"
"2019","Tennessee","Renal failure","1078"
"2019","Tennessee","Sepsis","917"
"2019","Tennessee","Heart failure","1495"
"2019","Tennessee","Cerebrovascular diseases","3824"
"2019","Tennessee","Malignant neoplasms","14933"
"2019","Tennessee","Influenza and pneumonia","1424"
"2019","Tennessee","Alzheimer disease and dementia","7160"
"2019","Tennessee","Chronic lower respiratory disease","4715"
"2019","Texas","Cerebrovascular diseases","11017"
"2019","Texas","Renal failure","4143"
"2019","Texas","Heart failure","5865"
"2019","Texas","Influenza and pneumonia","3220"
"2019","Texas","Malignant neoplasms","42038"
"2019","Texas","Chronic lower respiratory disease","10873"
"2019","Texas","Hypertensive diseases","7766"
"2019","Texas","Sepsis","3131"
"2019","Texas","Ischemic heart disease","25829"
"2019","Texas","Other diseases of the circulatory system","11386"
"2019","Texas","Alzheimer disease and dementia","19539"
"2019","Texas","Diabetes","6953"
"2019","Texas","Other diseases of the respiratory system","4717"
"2019","United States","Sepsis","38387"
"2019","United States","Hypertensive diseases","102151"
"2019","United States","Other diseases of the respiratory system","66152"
"2019","United States","Ischemic heart disease","360841"
"2019","United States","Heart failure","85996"
"2019","United States","Chronic lower respiratory disease","156598"
"2019","United States","Diabetes","87561"
"2019","United States","Influenza and pneumonia","49658"
"2019","United States","Alzheimer disease and dementia","270973"
"2019","United States","Malignant neoplasms","598995"
"2019","United States","Renal failure","50426"
"2019","United States","Other diseases of the circulatory system","175299"
"2019","United States","Cerebrovascular diseases","149862"
"2019","Utah","Alzheimer disease and dementia","2032"
"2019","Utah","Malignant neoplasms","3376"
"2019","Utah","Chronic lower respiratory disease","831"
"2019","Utah","Ischemic heart disease","1688"
"2019","Utah","Heart failure","983"
"2019","Utah","Renal failure","52"
"2019","Utah","Influenza and pneumonia","102"
"2019","Utah","Diabetes","551"
"2019","Utah","Other diseases of the respiratory system","155"
"2019","Utah","Other diseases of the circulatory system","1190"
"2019","Utah","Hypertensive diseases","212"
"2019","Utah","Cerebrovascular diseases","928"
"2019","Vermont","Other diseases of the circulatory system","35"
"2019","Vermont","Alzheimer disease and dementia","377"
"2019","Vermont","Malignant neoplasms","1323"
"2019","Vermont","Ischemic heart disease","836"
"2019","Vermont","Chronic lower respiratory disease","26"
"2019","Virginia","Other diseases of the respiratory system","1821"
"2019","Virginia","Heart failure","2702"
"2019","Virginia","Renal failure","1592"
"2019","Virginia","Chronic lower respiratory disease","3571"
"2019","Virginia","Hypertensive diseases","1791"
"2019","Virginia","Cerebrovascular diseases","3783"
"2019","Virginia","Other diseases of the circulatory system","4534"
"2019","Virginia","Sepsis","1042"
"2019","Virginia","Alzheimer disease and dementia","7375"
"2019","Virginia","Influenza and pneumonia","1030"
"2019","Virginia","Diabetes","2337"
"2019","Virginia","Malignant neoplasms","14764"
"2019","Virginia","Ischemic heart disease","7418"
"2019","Washington","Diabetes","1828"
"2019","Washington","Other diseases of the respiratory system","1550"
"2019","Washington","Influenza and pneumonia","759"
"2019","Washington","Chronic lower respiratory disease","3066"
"2019","Washington","Other diseases of the circulatory system","3684"
"2019","Washington","Renal failure","47"
"2019","Washington","Alzheimer disease and dementia","6070"
"2019","Washington","Ischemic heart disease","6750"
"2019","Washington","Sepsis","307"
"2019","Washington","Cerebrovascular diseases","3020"
"2019","Washington","Malignant neoplasms","12978"
"2019","Washington","Heart failure","680"
"2019","Washington","Hypertensive diseases","2094"
"2019","West Virginia","Malignant neoplasms","4529"
"2019","West Virginia","Chronic lower respiratory disease","1661"
"2019","West Virginia","Influenza and pneumonia","174"
"2019","West Virginia","Alzheimer disease and dementia","1865"
"2019","West Virginia","Hypertensive diseases","727"
"2019","West Virginia","Sepsis","23"
"2019","West Virginia","Cerebrovascular diseases","969"
"2019","West Virginia","Diabetes","951"
"2019","West Virginia","Other diseases of the respiratory system","172"
"2019","West Virginia","Ischemic heart disease","3195"
"2019","West Virginia","Heart failure","280"
"2019","West Virginia","Renal failure","132"
"2019","West Virginia","Other diseases of the circulatory system","1045"
"2019","Wisconsin","Renal failure","903"
"2019","Wisconsin","Ischemic heart disease","6632"
"2019","Wisconsin","Cerebrovascular diseases","2464"
"2019","Wisconsin","Chronic lower respiratory disease","2837"
"2019","Wisconsin","Heart failure","1585"
"2019","Wisconsin","Malignant neoplasms","11451"
"2019","Wisconsin","Hypertensive diseases","1464"
"2019","Wisconsin","Other diseases of the circulatory system","3707"
"2019","Wisconsin","Influenza and pneumonia","614"
"2019","Wisconsin","Other diseases of the respiratory system","1121"
"2019","Wisconsin","Sepsis","357"
"2019","Wisconsin","Diabetes","1537"
"2019","Wisconsin","Alzheimer disease and dementia","5780"
"2019","Wyoming","Chronic lower respiratory disease","48"
"2019","Wyoming","Cerebrovascular diseases","11"
"2019","Wyoming","Alzheimer disease and dementia","88"
"2019","Wyoming","Other diseases of the circulatory system","11"
"2019","Wyoming","Malignant neoplasms","895"
"2019","Wyoming","Ischemic heart disease","352"
"2020","Alabama","Malignant neoplasms","10423"
"2020","Alabama","Heart failure","2692"
"2020","Alabama","Influenza and pneumonia","1095"
"2020","Alabama","Diabetes","1430"
"2020","Alabama","Cerebrovascular diseases","3314"
"2020","Alabama","Alzheimer disease and dementia","5559"
"2020","Alabama","Ischemic heart disease","5269"
"2020","Alabama","Chronic lower respiratory disease","3434"
"2020","Alabama","Hypertensive diseases","2316"
"2020","Alabama","Other diseases of the respiratory system","1376"
"2020","Alabama","Sepsis","999"
"2020","Alabama","Other diseases of the circulatory system","5761"
"2020","Alabama","Renal failure","1050"
"2020","Alaska","Other diseases of the circulatory system","24"
"2020","Alaska","Cerebrovascular diseases","11"
"2020","Alaska","Ischemic heart disease","271"
"2020","Alaska","Malignant neoplasms","981"
"2020","Alaska","Alzheimer disease and dementia","26"
"2020","Arizona","Heart failure","1006"
"2020","Arizona","Other diseases of the circulatory system","3561"
"2020","Arizona","Other diseases of the respiratory system","1360"
"2020","Arizona","Ischemic heart disease","8950"
"2020","Arizona","Influenza and pneumonia","1150"
"2020","Arizona","Malignant neoplasms","13104"
"2020","Arizona","Renal failure","726"
"2020","Arizona","Hypertensive diseases","3048"
"2020","Arizona","Diabetes","2609"
"2020","Arizona","Sepsis","127"
"2020","Arizona","Chronic lower respiratory disease","3794"
"2020","Arizona","Alzheimer disease and dementia","6764"
"2020","Arizona","Cerebrovascular diseases","3297"
"2020","Arkansas","Other diseases of the respiratory system","476"
"2020","Arkansas","Cerebrovascular diseases","1679"
"2020","Arkansas","Diabetes","1338"
"2020","Arkansas","Alzheimer disease and dementia","3445"
"2020","Arkansas","Hypertensive diseases","1626"
"2020","Arkansas","Heart failure","1077"
"2020","Arkansas","Ischemic heart disease","5088"
"2020","Arkansas","Other diseases of the circulatory system","1594"
"2020","Arkansas","Sepsis","268"
"2020","Arkansas","Influenza and pneumonia","544"
"2020","Arkansas","Renal failure","605"
"2020","Arkansas","Chronic lower respiratory disease","2464"
"2020","Arkansas","Malignant neoplasms","6509"
"2020","California","Diabetes","11874"
"2020","California","Chronic lower respiratory disease","13104"
"2020","California","Heart failure","8542"
"2020","California","Other diseases of the circulatory system","14257"
"2020","California","Influenza and pneumonia","6187"
"2020","California","Ischemic heart disease","40141"
"2020","California","Cerebrovascular diseases","18245"
"2020","California","Hypertensive diseases","14092"
"2020","California","Malignant neoplasms","60932"
"2020","California","Renal failure","4375"
"2020","California","Sepsis","1746"
"2020","California","Other diseases of the respiratory system","4563"
"2020","California","Alzheimer disease and dementia","29854"
"2020","Colorado","Hypertensive diseases","1638"
"2020","Colorado","Malignant neoplasms","8423"
"2020","Colorado","Influenza and pneumonia","234"
"2020","Colorado","Other diseases of the respiratory system","923"
"2020","Colorado","Diabetes","1183"
"2020","Colorado","Ischemic heart disease","3939"
"2020","Colorado","Sepsis","164"
"2020","Colorado","Renal failure","234"
"2020","Colorado","Chronic lower respiratory disease","2541"
"2020","Colorado","Heart failure","979"
"2020","Colorado","Other diseases of the circulatory system","2647"
"2020","Colorado","Alzheimer disease and dementia","4510"
"2020","Colorado","Cerebrovascular diseases","2276"
"2020","Connecticut","Influenza and pneumonia","300"
"2020","Connecticut","Alzheimer disease and dementia","3601"
"2020","Connecticut","Diabetes","824"
"2020","Connecticut","Chronic lower respiratory disease","1249"
"2020","Connecticut","Cerebrovascular diseases","1499"
"2020","Connecticut","Sepsis","340"
"2020","Connecticut","Malignant neoplasms","6800"
"2020","Connecticut","Ischemic heart disease","3722"
"2020","Connecticut","Other diseases of the circulatory system","2163"
"2020","Connecticut","Other diseases of the respiratory system","983"
"2020","Connecticut","Renal failure","320"
"2020","Connecticut","Hypertensive diseases","961"
"2020","Connecticut","Heart failure","1111"
"2020","Delaware","Ischemic heart disease","1170"
"2020","Delaware","Diabetes","45"
"2020","Delaware","Cerebrovascular diseases","657"
"2020","Delaware","Malignant neoplasms","2147"
"2020","Delaware","Alzheimer disease and dementia","1007"
"2020","Delaware","Chronic lower respiratory disease","212"
"2020","Delaware","Other diseases of the circulatory system","396"
"2020","Delaware","Heart failure","22"
"2020","District of Columbia","Ischemic heart disease","792"
"2020","District of Columbia","Malignant neoplasms","1206"
"2020","District of Columbia","Hypertensive diseases","88"
"2020","District of Columbia","Alzheimer disease and dementia","82"
"2020","District of Columbia","Other diseases of the circulatory system","70"
"2020","District of Columbia","Cerebrovascular diseases","118"
"2020","Florida","Influenza and pneumonia","3293"
"2020","Florida","Sepsis","2725"
"2020","Florida","Other diseases of the respiratory system","3963"
"2020","Florida","Hypertensive diseases","8395"
"2020","Florida","Renal failure","3233"
"2020","Florida","Alzheimer disease and dementia","20311"
"2020","Florida","Diabetes","7705"
"2020","Florida","Chronic lower respiratory disease","12129"
"2020","Florida","Ischemic heart disease","32173"
"2020","Florida","Heart failure","4446"
"2020","Florida","Other diseases of the circulatory system","11394"
"2020","Florida","Malignant neoplasms","46420"
"2020","Florida","Cerebrovascular diseases","15896"
"2020","Georgia","Heart failure","3854"
"2020","Georgia","Malignant neoplasms","18205"
"2020","Georgia","Other diseases of the circulatory system","6501"
"2020","Georgia","Cerebrovascular diseases","4871"
"2020","Georgia","Alzheimer disease and dementia","9562"
"2020","Georgia","Sepsis","1926"
"2020","Georgia","Hypertensive diseases","4994"
"2020","Georgia","Influenza and pneumonia","1629"
"2020","Georgia","Diabetes","2880"
"2020","Georgia","Ischemic heart disease","8402"
"2020","Georgia","Chronic lower respiratory disease","4882"
"2020","Georgia","Other diseases of the respiratory system","3013"
"2020","Georgia","Renal failure","2154"
"2020","Hawaii","Other diseases of the respiratory system","12"
"2020","Hawaii","Chronic lower respiratory disease","59"
"2020","Hawaii","Malignant neoplasms","2539"
"2020","Hawaii","Influenza and pneumonia","35"
"2020","Hawaii","Diabetes","13"
"2020","Hawaii","Alzheimer disease and dementia","1392"
"2020","Hawaii","Heart failure","11"
"2020","Hawaii","Hypertensive diseases","300"
"2020","Hawaii","Other diseases of the circulatory system","746"
"2020","Hawaii","Ischemic heart disease","1348"
"2020","Hawaii","Cerebrovascular diseases","804"
"2020","Idaho","Heart failure","136"
"2020","Idaho","Hypertensive diseases","156"
"2020","Idaho","Diabetes","227"
"2020","Idaho","Ischemic heart disease","1681"
"2020","Idaho","Other diseases of the respiratory system","24"
"2020","Idaho","Cerebrovascular diseases","720"
"2020","Idaho","Malignant neoplasms","3052"
"2020","Idaho","Chronic lower respiratory disease","855"
"2020","Idaho","Alzheimer disease and dementia","1560"
"2020","Idaho","Influenza and pneumonia","11"
"2020","Idaho","Other diseases of the circulatory system","984"
"2020","Illinois","Influenza and pneumonia","2399"
"2020","Illinois","Ischemic heart disease","12809"
"2020","Illinois","Sepsis","1600"
"2020","Illinois","Alzheimer disease and dementia","11798"
"2020","Illinois","Hypertensive diseases","4446"
"2020","Illinois","Cerebrovascular diseases","6626"
"2020","Illinois","Malignant neoplasms","23689"
"2020","Illinois","Heart failure","4567"
"2020","Illinois","Diabetes","3449"
"2020","Illinois","Renal failure","2579"
"2020","Illinois","Other diseases of the respiratory system","2359"
"2020","Illinois","Chronic lower respiratory disease","5364"
"2020","Illinois","Other diseases of the circulatory system","7979"
"2020","Indiana","Chronic lower respiratory disease","4662"
"2020","Indiana","Hypertensive diseases","2329"
"2020","Indiana","Diabetes","2516"
"2020","Indiana","Other diseases of the respiratory system","1605"
"2020","Indiana","Other diseases of the circulatory system","4694"
"2020","Indiana","Cerebrovascular diseases","3371"
"2020","Indiana","Malignant neoplasms","13862"
"2020","Indiana","Alzheimer disease and dementia","7145"
"2020","Indiana","Renal failure","1482"
"2020","Indiana","Sepsis","1179"
"2020","Indiana","Heart failure","2134"
"2020","Indiana","Influenza and pneumonia","990"
"2020","Indiana","Ischemic heart disease","8094"
"2020","Iowa","Diabetes","1059"
"2020","Iowa","Cerebrovascular diseases","1393"
"2020","Iowa","Chronic lower respiratory disease","1715"
"2020","Iowa","Other diseases of the circulatory system","1973"
"2020","Iowa","Other diseases of the respiratory system","656"
"2020","Iowa","Alzheimer disease and dementia","3515"
"2020","Iowa","Renal failure","89"
"2020","Iowa","Hypertensive diseases","1100"
"2020","Iowa","Influenza and pneumonia","354"
"2020","Iowa","Ischemic heart disease","4509"
"2020","Iowa","Malignant neoplasms","6286"
"2020","Iowa","Heart failure","719"
"2020","Iowa","Sepsis","59"
"2020","Kansas","Sepsis","58"
"2020","Kansas","Chronic lower respiratory disease","1668"
"2020","Kansas","Alzheimer disease and dementia","3181"
"2020","Kansas","Renal failure","264"
"2020","Kansas","Diabetes","1033"
"2020","Kansas","Heart failure","616"
"2020","Kansas","Influenza and pneumonia","304"
"2020","Kansas","Ischemic heart disease","3698"
"2020","Kansas","Other diseases of the circulatory system","1502"
"2020","Kansas","Other diseases of the respiratory system","439"
"2020","Kansas","Malignant neoplasms","5372"
"2020","Kansas","Cerebrovascular diseases","1301"
"2020","Kansas","Hypertensive diseases","932"
"2020","Kentucky","Malignant neoplasms","10363"
"2020","Kentucky","Sepsis","974"
"2020","Kentucky","Chronic lower respiratory disease","3303"
"2020","Kentucky","Cerebrovascular diseases","2275"
"2020","Kentucky","Hypertensive diseases","1590"
"2020","Kentucky","Influenza and pneumonia","810"
"2020","Kentucky","Alzheimer disease and dementia","5133"
"2020","Kentucky","Diabetes","1575"
"2020","Kentucky","Heart failure","1558"
"2020","Kentucky","Ischemic heart disease","5893"
"2020","Kentucky","Renal failure","918"
"2020","Kentucky","Other diseases of the circulatory system","3274"
"2020","Kentucky","Other diseases of the respiratory system","1392"
"2020","Louisiana","Other diseases of the circulatory system","3312"
"2020","Louisiana","Renal failure","1088"
"2020","Louisiana","Sepsis","1151"
"2020","Louisiana","Heart failure","2213"
"2020","Louisiana","Other diseases of the respiratory system","1413"
"2020","Louisiana","Malignant neoplasms","9316"
"2020","Louisiana","Diabetes","1881"
"2020","Louisiana","Cerebrovascular diseases","2626"
"2020","Louisiana","Influenza and pneumonia","702"
"2020","Louisiana","Alzheimer disease and dementia","4498"
"2020","Louisiana","Ischemic heart disease","5715"
"2020","Louisiana","Hypertensive diseases","1945"
"2020","Louisiana","Chronic lower respiratory disease","2397"
"2020","Maine","Cerebrovascular diseases","608"
"2020","Maine","Other diseases of the respiratory system","12"
"2020","Maine","Malignant neoplasms","3433"
"2020","Maine","Diabetes","263"
"2020","Maine","Chronic lower respiratory disease","828"
"2020","Maine","Hypertensive diseases","315"
"2020","Maine","Influenza and pneumonia","39"
"2020","Maine","Other diseases of the circulatory system","958"
"2020","Maine","Alzheimer disease and dementia","1971"
"2020","Maine","Ischemic heart disease","1668"
"2020","Maryland","Renal failure","618"
"2020","Maryland","Malignant neoplasms","10940"
"2020","Maryland","Influenza and pneumonia","867"
"2020","Maryland","Other diseases of the respiratory system","934"
"2020","Maryland","Hypertensive diseases","2450"
"2020","Maryland","Sepsis","922"
"2020","Maryland","Ischemic heart disease","7090"
"2020","Maryland","Cerebrovascular diseases","3111"
"2020","Maryland","Alzheimer disease and dementia","5315"
"2020","Maryland","Heart failure","812"
"2020","Maryland","Chronic lower respiratory disease","2097"
"2020","Maryland","Other diseases of the circulatory system","3769"
"2020","Maryland","Diabetes","1793"
"2020","Massachusetts","Sepsis","895"
"2020","Massachusetts","Other diseases of the circulatory system","4096"
"2020","Massachusetts","Diabetes","1575"
"2020","Massachusetts","Hypertensive diseases","1458"
"2020","Massachusetts","Alzheimer disease and dementia","7716"
"2020","Massachusetts","Ischemic heart disease","5741"
"2020","Massachusetts","Other diseases of the respiratory system","1642"
"2020","Massachusetts","Renal failure","1244"
"2020","Massachusetts","Influenza and pneumonia","1303"
"2020","Massachusetts","Malignant neoplasms","12889"
"2020","Massachusetts","Cerebrovascular diseases","2319"
"2020","Massachusetts","Chronic lower respiratory disease","2584"
"2020","Massachusetts","Heart failure","2028"
"2020","Michigan","Chronic lower respiratory disease","5654"
"2020","Michigan","Ischemic heart disease","15446"
"2020","Michigan","Diabetes","3415"
"2020","Michigan","Influenza and pneumonia","1872"
"2020","Michigan","Renal failure","1899"
"2020","Michigan","Sepsis","1276"
"2020","Michigan","Malignant neoplasms","21173"
"2020","Michigan","Other diseases of the respiratory system","1752"
"2020","Michigan","Cerebrovascular diseases","5873"
"2020","Michigan","Other diseases of the circulatory system","5992"
"2020","Michigan","Heart failure","3345"
"2020","Michigan","Alzheimer disease and dementia","9860"
"2020","Michigan","Hypertensive diseases","4690"
"2020","Minnesota","Diabetes","1499"
"2020","Minnesota","Cerebrovascular diseases","2307"
"2020","Minnesota","Influenza and pneumonia","295"
"2020","Minnesota","Heart failure","1090"
"2020","Minnesota","Chronic lower respiratory disease","2229"
"2020","Minnesota","Ischemic heart disease","4253"
"2020","Minnesota","Other diseases of the circulatory system","3072"
"2020","Minnesota","Sepsis","198"
"2020","Minnesota","Other diseases of the respiratory system","872"
"2020","Minnesota","Renal failure","267"
"2020","Minnesota","Malignant neoplasms","10212"
"2020","Minnesota","Hypertensive diseases","1576"
"2020","Minnesota","Alzheimer disease and dementia","6203"
"2020","Mississippi","Influenza and pneumonia","870"
"2020","Mississippi","Heart failure","1568"
"2020","Mississippi","Renal failure","732"
"2020","Mississippi","Alzheimer disease and dementia","3180"
"2020","Mississippi","Other diseases of the circulatory system","1579"
"2020","Mississippi","Sepsis","22"
"2020","Mississippi","Other diseases of the respiratory system","544"
"2020","Mississippi","Diabetes","1453"
"2020","Mississippi","Hypertensive diseases","2162"
"2020","Mississippi","Chronic lower respiratory disease","2232"
"2020","Mississippi","Cerebrovascular diseases","1854"
"2020","Mississippi","Ischemic heart disease","4383"
"2020","Mississippi","Malignant neoplasms","6515"
"2020","Missouri","Chronic lower respiratory disease","3955"
"2020","Missouri","Hypertensive diseases","1957"
"2020","Missouri","Ischemic heart disease","8873"
"2020","Missouri","Renal failure","1735"
"2020","Missouri","Other diseases of the respiratory system","2183"
"2020","Missouri","Sepsis","1009"
"2020","Missouri","Other diseases of the circulatory system","4233"
"2020","Missouri","Cerebrovascular diseases","3530"
"2020","Missouri","Heart failure","2680"
"2020","Missouri","Alzheimer disease and dementia","6266"
"2020","Missouri","Diabetes","1872"
"2020","Missouri","Malignant neoplasms","13608"
"2020","Missouri","Influenza and pneumonia","1210"
"2020","Montana","Heart failure","40"
"2020","Montana","Other diseases of the circulatory system","527"
"2020","Montana","Hypertensive diseases","11"
"2020","Montana","Chronic lower respiratory disease","526"
"2020","Montana","Alzheimer disease and dementia","1105"
"2020","Montana","Cerebrovascular diseases","163"
"2020","Montana","Ischemic heart disease","1415"
"2020","Montana","Influenza and pneumonia","11"
"2020","Montana","Malignant neoplasms","2146"
"2020","Montana","Diabetes","84"
"2020","Nebraska","Other diseases of the respiratory system","115"
"2020","Nebraska","Heart failure","364"
"2020","Nebraska","Chronic lower respiratory disease","1093"
"2020","Nebraska","Malignant neoplasms","3639"
"2020","Nebraska","Influenza and pneumonia","52"
"2020","Nebraska","Diabetes","446"
"2020","Nebraska","Ischemic heart disease","1721"
"2020","Nebraska","Alzheimer disease and dementia","2061"
"2020","Nebraska","Other diseases of the circulatory system","1218"
"2020","Nebraska","Cerebrovascular diseases","877"
"2020","Nebraska","Hypertensive diseases","469"
"2020","Nevada","Heart failure","274"
"2020","Nevada","Other diseases of the respiratory system","61"
"2020","Nevada","Malignant neoplasms","5489"
"2020","Nevada","Diabetes","905"
"2020","Nevada","Influenza and pneumonia","265"
"2020","Nevada","Alzheimer disease and dementia","2153"
"2020","Nevada","Chronic lower respiratory disease","1711"
"2020","Nevada","Hypertensive diseases","1536"
"2020","Nevada","Ischemic heart disease","3894"
"2020","Nevada","Renal failure","41"
"2020","Nevada","Cerebrovascular diseases","1551"
"2020","Nevada","Other diseases of the circulatory system","2230"
"2020","New Hampshire","Chronic lower respiratory disease","524"
"2020","New Hampshire","Cerebrovascular diseases","369"
"2020","New Hampshire","Renal failure","11"
"2020","New Hampshire","Influenza and pneumonia","22"
"2020","New Hampshire","Ischemic heart disease","1540"
"2020","New Hampshire","Heart failure","141"
"2020","New Hampshire","Malignant neoplasms","2769"
"2020","New Hampshire","Alzheimer disease and dementia","1627"
"2020","New Hampshire","Diabetes","60"
"2020","New Hampshire","Other diseases of the circulatory system","829"
"2020","New Hampshire","Other diseases of the respiratory system","13"
"2020","New Hampshire","Hypertensive diseases","11"
"2020","New Jersey","Diabetes","2475"
"2020","New Jersey","Ischemic heart disease","10682"
"2020","New Jersey","Sepsis","2097"
"2020","New Jersey","Influenza and pneumonia","1674"
"2020","New Jersey","Cerebrovascular diseases","3723"
"2020","New Jersey","Alzheimer disease and dementia","7483"
"2020","New Jersey","Malignant neoplasms","15639"
"2020","New Jersey","Other diseases of the circulatory system","5903"
"2020","New Jersey","Heart failure","2732"
"2020","New Jersey","Hypertensive diseases","2437"
"2020","New Jersey","Other diseases of the respiratory system","3056"
"2020","New Jersey","Chronic lower respiratory disease","3013"
"2020","New Jersey","Renal failure","1671"
"2020","New Mexico","Heart failure","120"
"2020","New Mexico","Other diseases of the respiratory system","60"
"2020","New Mexico","Renal failure","59"
"2020","New Mexico","Other diseases of the circulatory system","785"
"2020","New Mexico","Cerebrovascular diseases","890"
"2020","New Mexico","Ischemic heart disease","2975"
"2020","New Mexico","Chronic lower respiratory disease","1142"
"2020","New Mexico","Alzheimer disease and dementia","1745"
"2020","New Mexico","Malignant neoplasms","3586"
"2020","New Mexico","Diabetes","724"
"2020","New Mexico","Hypertensive diseases","72"
"2020","New Mexico","Influenza and pneumonia","134"
"2020","New York","Alzheimer disease and dementia","10450"
"2020","New York","Other diseases of the respiratory system","2664"
"2020","New York","Influenza and pneumonia","2616"
"2020","New York","Heart failure","2053"
"2020","New York","Sepsis","1209"
"2020","New York","Cerebrovascular diseases","4193"
"2020","New York","Ischemic heart disease","17661"
"2020","New York","Other diseases of the circulatory system","6122"
"2020","New York","Malignant neoplasms","21487"
"2020","New York","Hypertensive diseases","4130"
"2020","New York","Renal failure","1919"
"2020","New York","Diabetes","3218"
"2020","New York","Chronic lower respiratory disease","4857"
"2020","New York City","Diabetes","2265"
"2020","New York City","Hypertensive diseases","5173"
"2020","New York City","Other diseases of the respiratory system","996"
"2020","New York City","Cerebrovascular diseases","2216"
"2020","New York City","Sepsis","450"
"2020","New York City","Influenza and pneumonia","2158"
"2020","New York City","Other diseases of the circulatory system","2101"
"2020","New York City","Chronic lower respiratory disease","1813"
"2020","New York City","Alzheimer disease and dementia","3304"
"2020","New York City","Malignant neoplasms","11831"
"2020","New York City","Ischemic heart disease","15996"
"2020","New York City","Heart failure","332"
"2020","New York City","Renal failure","480"
"2020","North Carolina","Cerebrovascular diseases","5833"
"2020","North Carolina","Alzheimer disease and dementia","11174"
"2020","North Carolina","Malignant neoplasms","20489"
"2020","North Carolina","Hypertensive diseases","2859"
"2020","North Carolina","Chronic lower respiratory disease","5274"
"2020","North Carolina","Sepsis","1641"
"2020","North Carolina","Diabetes","3613"
"2020","North Carolina","Ischemic heart disease","10890"
"2020","North Carolina","Other diseases of the circulatory system","5689"
"2020","North Carolina","Influenza and pneumonia","1857"
"2020","North Carolina","Renal failure","2099"
"2020","North Carolina","Heart failure","3553"
"2020","North Carolina","Other diseases of the respiratory system","2429"
"2020","North Dakota","Malignant neoplasms","1398"
"2020","North Dakota","Cerebrovascular diseases","58"
"2020","North Dakota","Ischemic heart disease","798"
"2020","North Dakota","Other diseases of the circulatory system","203"
"2020","North Dakota","Diabetes","11"
"2020","North Dakota","Chronic lower respiratory disease","70"
"2020","North Dakota","Influenza and pneumonia","11"
"2020","North Dakota","Alzheimer disease and dementia","698"
"2020","Ohio","Renal failure","2177"
"2020","Ohio","Sepsis","2073"
"2020","Ohio","Cerebrovascular diseases","7180"
"2020","Ohio","Chronic lower respiratory disease","7111"
"2020","Ohio","Malignant neoplasms","25324"
"2020","Ohio","Other diseases of the respiratory system","3316"
"2020","Ohio","Heart failure","4080"
"2020","Ohio","Hypertensive diseases","4324"
"2020","Ohio","Ischemic heart disease","16381"
"2020","Ohio","Influenza and pneumonia","2076"
"2020","Ohio","Other diseases of the circulatory system","9107"
"2020","Ohio","Diabetes","4439"
"2020","Ohio","Alzheimer disease and dementia","13370"
"2020","Oklahoma","Influenza and pneumonia","418"
"2020","Oklahoma","Sepsis","195"
"2020","Oklahoma","Diabetes","1537"
"2020","Oklahoma","Alzheimer disease and dementia","3747"
"2020","Oklahoma","Heart failure","748"
"2020","Oklahoma","Other diseases of the circulatory system","1587"
"2020","Oklahoma","Chronic lower respiratory disease","2906"
"2020","Oklahoma","Ischemic heart disease","5334"
"2020","Oklahoma","Renal failure","226"
"2020","Oklahoma","Malignant neoplasms","8293"
"2020","Oklahoma","Cerebrovascular diseases","1880"
"2020","Oklahoma","Other diseases of the respiratory system","331"
"2020","Oklahoma","Hypertensive diseases","4719"
"2020","Oregon","Diabetes","1373"
"2020","Oregon","Influenza and pneumonia","215"
"2020","Oregon","Other diseases of the respiratory system","482"
"2020","Oregon","Ischemic heart disease","3490"
"2020","Oregon","Alzheimer disease and dementia","4542"
"2020","Oregon","Cerebrovascular diseases","2260"
"2020","Oregon","Heart failure","1014"
"2020","Oregon","Chronic lower respiratory disease","1975"
"2020","Oregon","Hypertensive diseases","1275"
"2020","Oregon","Renal failure","95"
"2020","Oregon","Other diseases of the circulatory system","2839"
"2020","Oregon","Malignant neoplasms","8377"
"2020","Pennsylvania","Malignant neoplasms","28496"
"2020","Pennsylvania","Alzheimer disease and dementia","14416"
"2020","Pennsylvania","Chronic lower respiratory disease","6187"
"2020","Pennsylvania","Sepsis","2379"
"2020","Pennsylvania","Other diseases of the circulatory system","9795"
"2020","Pennsylvania","Cerebrovascular diseases","7123"
"2020","Pennsylvania","Hypertensive diseases","3720"
"2020","Pennsylvania","Ischemic heart disease","17750"
"2020","Pennsylvania","Influenza and pneumonia","2443"
"2020","Pennsylvania","Renal failure","2941"
"2020","Pennsylvania","Diabetes","4324"
"2020","Pennsylvania","Heart failure","5114"
"2020","Pennsylvania","Other diseases of the respiratory system","3605"
"2020","Puerto Rico","Alzheimer disease and dementia","3105"
"2020","Puerto Rico","Hypertensive diseases","1489"
"2020","Puerto Rico","Heart failure","207"
"2020","Puerto Rico","Malignant neoplasms","5414"
"2020","Puerto Rico","Other diseases of the respiratory system","555"
"2020","Puerto Rico","Chronic lower respiratory disease","1083"
"2020","Puerto Rico","Other diseases of the circulatory system","837"
"2020","Puerto Rico","Influenza and pneumonia","715"
"2020","Puerto Rico","Diabetes","3266"
"2020","Puerto Rico","Sepsis","574"
"2020","Puerto Rico","Cerebrovascular diseases","1269"
"2020","Puerto Rico","Renal failure","909"
"2020","Puerto Rico","Ischemic heart disease","3653"
"2020","Rhode Island","Hypertensive diseases","37"
"2020","Rhode Island","Ischemic heart disease","1479"
"2020","Rhode Island","Alzheimer disease and dementia","1369"
"2020","Rhode Island","Cerebrovascular diseases","148"
"2020","Rhode Island","Other diseases of the circulatory system","377"
"2020","Rhode Island","Chronic lower respiratory disease","198"
"2020","Rhode Island","Heart failure","11"
"2020","Rhode Island","Diabetes","67"
"2020","Rhode Island","Malignant neoplasms","2168"
"2020","South Carolina","Chronic lower respiratory disease","3074"
"2020","South Carolina","Alzheimer disease and dementia","6000"
"2020","South Carolina","Diabetes","1973"
"2020","South Carolina","Malignant neoplasms","10709"
"2020","South Carolina","Influenza and pneumonia","615"
"2020","South Carolina","Other diseases of the circulatory system","3465"
"2020","South Carolina","Hypertensive diseases","2002"
"2020","South Carolina","Heart failure","1573"
"2020","South Carolina","Ischemic heart disease","5686"
"2020","South Carolina","Cerebrovascular diseases","2851"
"2020","South Carolina","Other diseases of the respiratory system","1335"
"2020","South Carolina","Sepsis","906"
"2020","South Carolina","Renal failure","970"
"2020","South Dakota","Malignant neoplasms","1804"
"2020","South Dakota","Hypertensive diseases","11"
"2020","South Dakota","Other diseases of the circulatory system","230"
"2020","South Dakota","Cerebrovascular diseases","152"
"2020","South Dakota","Chronic lower respiratory disease","134"
"2020","South Dakota","Alzheimer disease and dementia","654"
"2020","South Dakota","Diabetes","24"
"2020","South Dakota","Ischemic heart disease","1167"
"2020","Tennessee","Sepsis","1001"
"2020","Tennessee","Ischemic heart disease","11126"
"2020","Tennessee","Diabetes","2715"
"2020","Tennessee","Heart failure","1529"
"2020","Tennessee","Other diseases of the circulatory system","4045"
"2020","Tennessee","Alzheimer disease and dementia","8128"
"2020","Tennessee","Chronic lower respiratory disease","4765"
"2020","Tennessee","Cerebrovascular diseases","4154"
"2020","Tennessee","Malignant neoplasms","15107"
"2020","Tennessee","Renal failure","1102"
"2020","Tennessee","Hypertensive diseases","4005"
"2020","Tennessee","Influenza and pneumonia","1695"
"2020","Tennessee","Other diseases of the respiratory system","1743"
"2020","Texas","Heart failure","6024"
"2020","Texas","Influenza and pneumonia","3644"
"2020","Texas","Chronic lower respiratory disease","10676"
"2020","Texas","Diabetes","8169"
"2020","Texas","Malignant neoplasms","43248"
"2020","Texas","Sepsis","3528"
"2020","Texas","Renal failure","4454"
"2020","Texas","Cerebrovascular diseases","12024"
"2020","Texas","Other diseases of the circulatory system","12202"
"2020","Texas","Hypertensive diseases","9169"
"2020","Texas","Alzheimer disease and dementia","23442"
"2020","Texas","Ischemic heart disease","28948"
"2020","Texas","Other diseases of the respiratory system","4773"
"2020","United States","Other diseases of the respiratory system","67394"
"2020","United States","Sepsis","40722"
"2020","United States","Diabetes","103801"
"2020","United States","Ischemic heart disease","389377"
"2020","United States","Renal failure","52313"
"2020","United States","Hypertensive diseases","121968"
"2020","United States","Other diseases of the circulatory system","182706"
"2020","United States","Chronic lower respiratory disease","155110"
"2020","United States","Heart failure","87211"
"2020","United States","Influenza and pneumonia","54519"
"2020","United States","Alzheimer disease and dementia","308651"
"2020","United States","Cerebrovascular diseases","162757"
"2020","United States","Malignant neoplasms","611301"
"2020","Utah","Influenza and pneumonia","71"
"2020","Utah","Other diseases of the respiratory system","134"
"2020","Utah","Cerebrovascular diseases","931"
"2020","Utah","Other diseases of the circulatory system","1307"
"2020","Utah","Diabetes","743"
"2020","Utah","Malignant neoplasms","3580"
"2020","Utah","Hypertensive diseases","532"
"2020","Utah","Heart failure","975"
"2020","Utah","Chronic lower respiratory disease","943"
"2020","Utah","Renal failure","56"
"2020","Utah","Ischemic heart disease","1939"
"2020","Utah","Alzheimer disease and dementia","2268"
"2020","Vermont","Malignant neoplasms","1382"
"2020","Vermont","Ischemic heart disease","1021"
"2020","Vermont","Other diseases of the circulatory system","37"
"2020","Vermont","Alzheimer disease and dementia","539"
"2020","Vermont","Chronic lower respiratory disease","83"
"2020","Virginia","Renal failure","1622"
"2020","Virginia","Ischemic heart disease","8027"
"2020","Virginia","Other diseases of the circulatory system","4675"
"2020","Virginia","Heart failure","2672"
"2020","Virginia","Malignant neoplasms","15463"
"2020","Virginia","Alzheimer disease and dementia","8598"
"2020","Virginia","Diabetes","2636"
"2020","Virginia","Hypertensive diseases","2001"
"2020","Virginia","Influenza and pneumonia","1149"
"2020","Virginia","Chronic lower respiratory disease","3464"
"2020","Virginia","Cerebrovascular diseases","4085"
"2020","Virginia","Other diseases of the respiratory system","1921"
"2020","Virginia","Sepsis","978"
"2020","Washington","Diabetes","2105"
"2020","Washington","Renal failure","93"
"2020","Washington","Other diseases of the circulatory system","3647"
"2020","Washington","Influenza and pneumonia","604"
"2020","Washington","Chronic lower respiratory disease","2771"
"2020","Washington","Other diseases of the respiratory system","1512"
"2020","Washington","Cerebrovascular diseases","3135"
"2020","Washington","Malignant neoplasms","12997"
"2020","Washington","Ischemic heart disease","7026"
"2020","Washington","Heart failure","521"
"2020","Washington","Sepsis","501"
"2020","Washington","Alzheimer disease and dementia","6523"
"2020","Washington","Hypertensive diseases","2411"
"2020","West Virginia","Hypertensive diseases","813"
"2020","West Virginia","Other diseases of the respiratory system","127"
"2020","West Virginia","Chronic lower respiratory disease","1658"
"2020","West Virginia","Renal failure","356"
"2020","West Virginia","Alzheimer disease and dementia","2119"
"2020","West Virginia","Other diseases of the circulatory system","1104"
"2020","West Virginia","Malignant neoplasms","4713"
"2020","West Virginia","Cerebrovascular diseases","901"
"2020","West Virginia","Ischemic heart disease","3271"
"2020","West Virginia","Diabetes","1074"
"2020","West Virginia","Influenza and pneumonia","227"
"2020","West Virginia","Heart failure","252"
"2020","West Virginia","Sepsis","35"
"2020","Wisconsin","Sepsis","469"
"2020","Wisconsin","Cerebrovascular diseases","2845"
"2020","Wisconsin","Other diseases of the respiratory system","1118"
"2020","Wisconsin","Ischemic heart disease","7036"
"2020","Wisconsin","Renal failure","792"
"2020","Wisconsin","Influenza and pneumonia","598"
"2020","Wisconsin","Diabetes","1702"
"2020","Wisconsin","Hypertensive diseases","1658"
"2020","Wisconsin","Heart failure","1643"
"2020","Wisconsin","Malignant neoplasms","11783"
"2020","Wisconsin","Other diseases of the circulatory system","3733"
"2020","Wisconsin","Chronic lower respiratory disease","2836"
"2020","Wisconsin","Alzheimer disease and dementia","6364"
"2020","Wyoming","Other diseases of the circulatory system","24"
"2020","Wyoming","Chronic lower respiratory disease","96"
"2020","Wyoming","Alzheimer disease and dementia","242"
"2020","Wyoming","Ischemic heart disease","414"
"2020","Wyoming","Malignant neoplasms","959"
"2021","Alabama","Malignant neoplasms","10205"
"2021","Alabama","Chronic lower respiratory disease","3211"
"2021","Alabama","Other diseases of the respiratory system","1312"
"2021","Alabama","Renal failure","1110"
"2021","Alabama","Hypertensive diseases","2423"
"2021","Alabama","Heart failure","2560"
"2021","Alabama","Sepsis","1140"
"2021","Alabama","Other diseases of the circulatory system","6112"
"2021","Alabama","Ischemic heart disease","5112"
"2021","Alabama","Cerebrovascular diseases","3257"
"2021","Alabama","Alzheimer disease and dementia","4969"
"2021","Alabama","Diabetes","1615"
"2021","Alabama","Influenza and pneumonia","976"
"2021","Alaska","Malignant neoplasms","1034"
"2021","Alaska","Chronic lower respiratory disease","23"
"2021","Alaska","Alzheimer disease and dementia","46"
"2021","Alaska","Other diseases of the circulatory system","73"
"2021","Alaska","Ischemic heart disease","192"
"2021","Arizona","Influenza and pneumonia","906"
"2021","Arizona","Cerebrovascular diseases","3296"
"2021","Arizona","Hypertensive diseases","3397"
"2021","Arizona","Chronic lower respiratory disease","3527"
"2021","Arizona","Renal failure","796"
"2021","Arizona","Malignant neoplasms","12944"
"2021","Arizona","Heart failure","983"
"2021","Arizona","Other diseases of the respiratory system","1327"
"2021","Arizona","Ischemic heart disease","8653"
"2021","Arizona","Alzheimer disease and dementia","6059"
"2021","Arizona","Sepsis","299"
"2021","Arizona","Other diseases of the circulatory system","3556"
"2021","Arizona","Diabetes","2532"
"2021","Arkansas","Hypertensive diseases","1470"
"2021","Arkansas","Ischemic heart disease","4992"
"2021","Arkansas","Diabetes","1472"
"2021","Arkansas","Malignant neoplasms","6495"
"2021","Arkansas","Sepsis","408"
"2021","Arkansas","Alzheimer disease and dementia","2989"
"2021","Arkansas","Heart failure","1128"
"2021","Arkansas","Renal failure","715"
"2021","Arkansas","Influenza and pneumonia","334"
"2021","Arkansas","Chronic lower respiratory disease","2397"
"2021","Arkansas","Other diseases of the respiratory system","410"
"2021","Arkansas","Cerebrovascular diseases","1789"
"2021","Arkansas","Other diseases of the circulatory system","1708"
"2021","California","Chronic lower respiratory disease","11539"
"2021","California","Sepsis","1806"
"2021","California","Ischemic heart disease","38257"
"2021","California","Influenza and pneumonia","4643"
"2021","California","Malignant neoplasms","59659"
"2021","California","Hypertensive diseases","13993"
"2021","California","Other diseases of the circulatory system","13938"
"2021","California","Renal failure","4590"
"2021","California","Cerebrovascular diseases","18285"
"2021","California","Diabetes","11421"
"2021","California","Heart failure","8414"
"2021","California","Other diseases of the respiratory system","4635"
"2021","California","Alzheimer disease and dementia","27804"
"2021","Colorado","Sepsis","231"
"2021","Colorado","Other diseases of the respiratory system","1031"
"2021","Colorado","Alzheimer disease and dementia","4137"
"2021","Colorado","Ischemic heart disease","4082"
"2021","Colorado","Cerebrovascular diseases","2104"
"2021","Colorado","Diabetes","1219"
"2021","Colorado","Renal failure","257"
"2021","Colorado","Influenza and pneumonia","22"
"2021","Colorado","Hypertensive diseases","1553"
"2021","Colorado","Chronic lower respiratory disease","2313"
"2021","Colorado","Malignant neoplasms","8107"
"2021","Colorado","Heart failure","792"
"2021","Colorado","Other diseases of the circulatory system","2736"
"2021","Connecticut","Cerebrovascular diseases","1456"
"2021","Connecticut","Chronic lower respiratory disease","1179"
"2021","Connecticut","Other diseases of the respiratory system","891"
"2021","Connecticut","Other diseases of the circulatory system","1962"
"2021","Connecticut","Renal failure","483"
"2021","Connecticut","Influenza and pneumonia","127"
"2021","Connecticut","Hypertensive diseases","885"
"2021","Connecticut","Sepsis","403"
"2021","Connecticut","Ischemic heart disease","3309"
"2021","Connecticut","Heart failure","1208"
"2021","Connecticut","Diabetes","683"
"2021","Connecticut","Alzheimer disease and dementia","3419"
"2021","Connecticut","Malignant neoplasms","6601"
"2021","Delaware","Ischemic heart disease","1222"
"2021","Delaware","Malignant neoplasms","2201"
"2021","Delaware","Diabetes","61"
"2021","Delaware","Heart failure","26"
"2021","Delaware","Hypertensive diseases","11"
"2021","Delaware","Alzheimer disease and dementia","799"
"2021","Delaware","Cerebrovascular diseases","692"
"2021","Delaware","Chronic lower respiratory disease","244"
"2021","Delaware","Other diseases of the circulatory system","293"
"2021","District of Columbia","Ischemic heart disease","722"
"2021","District of Columbia","Other diseases of the circulatory system","124"
"2021","District of Columbia","Alzheimer disease and dementia","36"
"2021","District of Columbia","Hypertensive diseases","109"
"2021","District of Columbia","Cerebrovascular diseases","98"
"2021","District of Columbia","Malignant neoplasms","1188"
"2021","Florida","Malignant neoplasms","46762"
"2021","Florida","Influenza and pneumonia","2890"
"2021","Florida","Sepsis","2897"
"2021","Florida","Diabetes","8075"
"2021","Florida","Chronic lower respiratory disease","11014"
"2021","Florida","Alzheimer disease and dementia","19470"
"2021","Florida","Hypertensive diseases","8970"
"2021","Florida","Renal failure","3422"
"2021","Florida","Other diseases of the circulatory system","11565"
"2021","Florida","Ischemic heart disease","31435"
"2021","Florida","Cerebrovascular diseases","15839"
"2021","Florida","Heart failure","4491"
"2021","Florida","Other diseases of the respiratory system","4168"
"2021","Georgia","Diabetes","2954"
"2021","Georgia","Malignant neoplasms","18230"
"2021","Georgia","Hypertensive diseases","5362"
"2021","Georgia","Ischemic heart disease","8516"
"2021","Georgia","Chronic lower respiratory disease","4702"
"2021","Georgia","Alzheimer disease and dementia","8871"
"2021","Georgia","Cerebrovascular diseases","5211"
"2021","Georgia","Renal failure","2263"
"2021","Georgia","Heart failure","3692"
"2021","Georgia","Other diseases of the circulatory system","6630"
"2021","Georgia","Influenza and pneumonia","1308"
"2021","Georgia","Sepsis","1860"
"2021","Georgia","Other diseases of the respiratory system","2798"
"2021","Hawaii","Hypertensive diseases","254"
"2021","Hawaii","Other diseases of the circulatory system","761"
"2021","Hawaii","Heart failure","11"
"2021","Hawaii","Ischemic heart disease","1441"
"2021","Hawaii","Cerebrovascular diseases","922"
"2021","Hawaii","Other diseases of the respiratory system","24"
"2021","Hawaii","Chronic lower respiratory disease","98"
"2021","Hawaii","Renal failure","11"
"2021","Hawaii","Alzheimer disease and dementia","1440"
"2021","Hawaii","Diabetes","82"
"2021","Hawaii","Malignant neoplasms","2542"
"2021","Idaho","Alzheimer disease and dementia","1535"
"2021","Idaho","Renal failure","11"
"2021","Idaho","Chronic lower respiratory disease","882"
"2021","Idaho","Cerebrovascular diseases","684"
"2021","Idaho","Diabetes","310"
"2021","Idaho","Other diseases of the respiratory system","40"
"2021","Idaho","Malignant neoplasms","3093"
"2021","Idaho","Other diseases of the circulatory system","1005"
"2021","Idaho","Ischemic heart disease","1826"
"2021","Idaho","Hypertensive diseases","295"
"2021","Idaho","Heart failure","102"
"2021","Illinois","Diabetes","3305"
"2021","Illinois","Influenza and pneumonia","1634"
"2021","Illinois","Chronic lower respiratory disease","4782"
"2021","Illinois","Renal failure","2541"
"2021","Illinois","Alzheimer disease and dementia","10148"
"2021","Illinois","Other diseases of the circulatory system","7731"
"2021","Illinois","Cerebrovascular diseases","6496"
"2021","Illinois","Hypertensive diseases","3961"
"2021","Illinois","Sepsis","1606"
"2021","Illinois","Malignant neoplasms","23019"
"2021","Illinois","Ischemic heart disease","11885"
"2021","Illinois","Heart failure","4363"
"2021","Illinois","Other diseases of the respiratory system","2448"
"2021","Indiana","Ischemic heart disease","7811"
"2021","Indiana","Chronic lower respiratory disease","4299"
"2021","Indiana","Influenza and pneumonia","625"
"2021","Indiana","Hypertensive diseases","2484"
"2021","Indiana","Other diseases of the respiratory system","1726"
"2021","Indiana","Heart failure","2284"
"2021","Indiana","Cerebrovascular diseases","3452"
"2021","Indiana","Alzheimer disease and dementia","6159"
"2021","Indiana","Renal failure","1417"
"2021","Indiana","Malignant neoplasms","13935"
"2021","Indiana","Other diseases of the circulatory system","4350"
"2021","Indiana","Diabetes","2581"
"2021","Indiana","Sepsis","931"
"2021","Iowa","Cerebrovascular diseases","1388"
"2021","Iowa","Other diseases of the respiratory system","412"
"2021","Iowa","Diabetes","1018"
"2021","Iowa","Ischemic heart disease","4535"
"2021","Iowa","Sepsis","71"
"2021","Iowa","Renal failure","121"
"2021","Iowa","Malignant neoplasms","6209"
"2021","Iowa","Other diseases of the circulatory system","1946"
"2021","Iowa","Heart failure","750"
"2021","Iowa","Influenza and pneumonia","94"
"2021","Iowa","Hypertensive diseases","1219"
"2021","Iowa","Alzheimer disease and dementia","2897"
"2021","Iowa","Chronic lower respiratory disease","1658"
"2021","Kansas","Malignant neoplasms","5227"
"2021","Kansas","Sepsis","11"
"2021","Kansas","Ischemic heart disease","3575"
"2021","Kansas","Renal failure","280"
"2021","Kansas","Other diseases of the respiratory system","511"
"2021","Kansas","Diabetes","891"
"2021","Kansas","Other diseases of the circulatory system","1529"
"2021","Kansas","Hypertensive diseases","1130"
"2021","Kansas","Heart failure","522"
"2021","Kansas","Chronic lower respiratory disease","1458"
"2021","Kansas","Cerebrovascular diseases","1312"
"2021","Kansas","Alzheimer disease and dementia","2845"
"2021","Kansas","Influenza and pneumonia","129"
"2021","Kentucky","Chronic lower respiratory disease","3249"
"2021","Kentucky","Sepsis","940"
"2021","Kentucky","Diabetes","1750"
"2021","Kentucky","Ischemic heart disease","5937"
"2021","Kentucky","Cerebrovascular diseases","2368"
"2021","Kentucky","Alzheimer disease and dementia","4607"
"2021","Kentucky","Other diseases of the respiratory system","1198"
"2021","Kentucky","Renal failure","1131"
"2021","Kentucky","Heart failure","1576"
"2021","Kentucky","Other diseases of the circulatory system","3376"
"2021","Kentucky","Influenza and pneumonia","600"
"2021","Kentucky","Hypertensive diseases","1708"
"2021","Kentucky","Malignant neoplasms","10271"
"2021","Louisiana","Ischemic heart disease","5899"
"2021","Louisiana","Hypertensive diseases","1989"
"2021","Louisiana","Diabetes","1942"
"2021","Louisiana","Heart failure","2186"
"2021","Louisiana","Alzheimer disease and dementia","3962"
"2021","Louisiana","Cerebrovascular diseases","2751"
"2021","Louisiana","Renal failure","1091"
"2021","Louisiana","Other diseases of the respiratory system","1316"
"2021","Louisiana","Influenza and pneumonia","504"
"2021","Louisiana","Other diseases of the circulatory system","3284"
"2021","Louisiana","Chronic lower respiratory disease","2151"
"2021","Louisiana","Malignant neoplasms","9143"
"2021","Louisiana","Sepsis","1073"
"2021","Maine","Chronic lower respiratory disease","855"
"2021","Maine","Other diseases of the respiratory system","23"
"2021","Maine","Renal failure","11"
"2021","Maine","Cerebrovascular diseases","514"
"2021","Maine","Ischemic heart disease","1832"
"2021","Maine","Other diseases of the circulatory system","1019"
"2021","Maine","Alzheimer disease and dementia","1892"
"2021","Maine","Hypertensive diseases","482"
"2021","Maine","Malignant neoplasms","3357"
"2021","Maine","Diabetes","354"
"2021","Maryland","Renal failure","558"
"2021","Maryland","Heart failure","808"
"2021","Maryland","Cerebrovascular diseases","3291"
"2021","Maryland","Influenza and pneumonia","446"
"2021","Maryland","Chronic lower respiratory disease","1793"
"2021","Maryland","Other diseases of the respiratory system","1003"
"2021","Maryland","Other diseases of the circulatory system","3743"
"2021","Maryland","Sepsis","884"
"2021","Maryland","Malignant neoplasms","10417"
"2021","Maryland","Alzheimer disease and dementia","4670"
"2021","Maryland","Ischemic heart disease","6533"
"2021","Maryland","Diabetes","1753"
"2021","Maryland","Hypertensive diseases","2152"
"2021","Massachusetts","Chronic lower respiratory disease","2417"
"2021","Massachusetts","Hypertensive diseases","1472"
"2021","Massachusetts","Influenza and pneumonia","759"
"2021","Massachusetts","Malignant neoplasms","12728"
"2021","Massachusetts","Ischemic heart disease","5777"
"2021","Massachusetts","Heart failure","2000"
"2021","Massachusetts","Other diseases of the circulatory system","4092"
"2021","Massachusetts","Sepsis","829"
"2021","Massachusetts","Renal failure","1216"
"2021","Massachusetts","Other diseases of the respiratory system","1730"
"2021","Massachusetts","Cerebrovascular diseases","2269"
"2021","Massachusetts","Alzheimer disease and dementia","6702"
"2021","Massachusetts","Diabetes","1550"
"2021","Michigan","Chronic lower respiratory disease","5134"
"2021","Michigan","Alzheimer disease and dementia","8519"
"2021","Michigan","Other diseases of the circulatory system","5940"
"2021","Michigan","Renal failure","1903"
"2021","Michigan","Ischemic heart disease","14800"
"2021","Michigan","Cerebrovascular diseases","5686"
"2021","Michigan","Heart failure","3116"
"2021","Michigan","Hypertensive diseases","4880"
"2021","Michigan","Other diseases of the respiratory system","1671"
"2021","Michigan","Malignant neoplasms","20925"
"2021","Michigan","Influenza and pneumonia","1297"
"2021","Michigan","Sepsis","1211"
"2021","Michigan","Diabetes","3383"
"2021","Minnesota","Diabetes","1564"
"2021","Minnesota","Ischemic heart disease","4275"
"2021","Minnesota","Renal failure","222"
"2021","Minnesota","Sepsis","211"
"2021","Minnesota","Malignant neoplasms","10298"
"2021","Minnesota","Influenza and pneumonia","86"
"2021","Minnesota","Chronic lower respiratory disease","2066"
"2021","Minnesota","Alzheimer disease and dementia","5190"
"2021","Minnesota","Hypertensive diseases","1677"
"2021","Minnesota","Other diseases of the circulatory system","2980"
"2021","Minnesota","Other diseases of the respiratory system","910"
"2021","Minnesota","Cerebrovascular diseases","2359"
"2021","Minnesota","Heart failure","952"
"2021","Mississippi","Chronic lower respiratory disease","2136"
"2021","Mississippi","Hypertensive diseases","2231"
"2021","Mississippi","Other diseases of the respiratory system","568"
"2021","Mississippi","Renal failure","589"
"2021","Mississippi","Malignant neoplasms","6471"
"2021","Mississippi","Ischemic heart disease","4399"
"2021","Mississippi","Heart failure","1435"
"2021","Mississippi","Cerebrovascular diseases","1871"
"2021","Mississippi","Sepsis","13"
"2021","Mississippi","Diabetes","1490"
"2021","Mississippi","Other diseases of the circulatory system","1616"
"2021","Mississippi","Influenza and pneumonia","603"
"2021","Mississippi","Alzheimer disease and dementia","2808"
"2021","Missouri","Chronic lower respiratory disease","3667"
"2021","Missouri","Heart failure","2530"
"2021","Missouri","Renal failure","1595"
"2021","Missouri","Other diseases of the respiratory system","1983"
"2021","Missouri","Cerebrovascular diseases","3355"
"2021","Missouri","Other diseases of the circulatory system","4319"
"2021","Missouri","Ischemic heart disease","8509"
"2021","Missouri","Influenza and pneumonia","884"
"2021","Missouri","Malignant neoplasms","13553"
"2021","Missouri","Alzheimer disease and dementia","5625"
"2021","Missouri","Hypertensive diseases","1889"
"2021","Missouri","Sepsis","1069"
"2021","Missouri","Diabetes","1898"
"2021","Montana","Alzheimer disease and dementia","1018"
"2021","Montana","Heart failure","13"
"2021","Montana","Malignant neoplasms","2158"
"2021","Montana","Cerebrovascular diseases","133"
"2021","Montana","Diabetes","49"
"2021","Montana","Ischemic heart disease","1553"
"2021","Montana","Other diseases of the respiratory system","12"
"2021","Montana","Chronic lower respiratory disease","403"
"2021","Montana","Other diseases of the circulatory system","527"
"2021","Nebraska","Alzheimer disease and dementia","1737"
"2021","Nebraska","Diabetes","422"
"2021","Nebraska","Hypertensive diseases","648"
"2021","Nebraska","Malignant neoplasms","3593"
"2021","Nebraska","Heart failure","345"
"2021","Nebraska","Chronic lower respiratory disease","956"
"2021","Nebraska","Other diseases of the respiratory system","71"
"2021","Nebraska","Cerebrovascular diseases","831"
"2021","Nebraska","Ischemic heart disease","1722"
"2021","Nebraska","Other diseases of the circulatory system","1315"
"2021","Nevada","Alzheimer disease and dementia","2049"
"2021","Nevada","Other diseases of the circulatory system","2169"
"2021","Nevada","Sepsis","12"
"2021","Nevada","Ischemic heart disease","3850"
"2021","Nevada","Influenza and pneumonia","249"
"2021","Nevada","Other diseases of the respiratory system","82"
"2021","Nevada","Renal failure","34"
"2021","Nevada","Diabetes","846"
"2021","Nevada","Chronic lower respiratory disease","1471"
"2021","Nevada","Malignant neoplasms","5226"
"2021","Nevada","Heart failure","131"
"2021","Nevada","Hypertensive diseases","1766"
"2021","Nevada","Cerebrovascular diseases","1521"
"2021","New Hampshire","Cerebrovascular diseases","259"
"2021","New Hampshire","Ischemic heart disease","1456"
"2021","New Hampshire","Diabetes","100"
"2021","New Hampshire","Heart failure","135"
"2021","New Hampshire","Other diseases of the circulatory system","870"
"2021","New Hampshire","Hypertensive diseases","11"
"2021","New Hampshire","Alzheimer disease and dementia","1457"
"2021","New Hampshire","Malignant neoplasms","2735"
"2021","New Hampshire","Chronic lower respiratory disease","582"
"2021","New Jersey","Other diseases of the circulatory system","5807"
"2021","New Jersey","Chronic lower respiratory disease","2472"
"2021","New Jersey","Malignant neoplasms","15250"
"2021","New Jersey","Other diseases of the respiratory system","2628"
"2021","New Jersey","Alzheimer disease and dementia","6484"
"2021","New Jersey","Diabetes","2031"
"2021","New Jersey","Cerebrovascular diseases","3715"
"2021","New Jersey","Sepsis","2023"
"2021","New Jersey","Heart failure","2536"
"2021","New Jersey","Renal failure","1638"
"2021","New Jersey","Ischemic heart disease","9522"
"2021","New Jersey","Influenza and pneumonia","1146"
"2021","New Jersey","Hypertensive diseases","2258"
"2021","New Mexico","Heart failure","119"
"2021","New Mexico","Alzheimer disease and dementia","1526"
"2021","New Mexico","Malignant neoplasms","3719"
"2021","New Mexico","Diabetes","771"
"2021","New Mexico","Other diseases of the circulatory system","779"
"2021","New Mexico","Other diseases of the respiratory system","141"
"2021","New Mexico","Influenza and pneumonia","22"
"2021","New Mexico","Cerebrovascular diseases","879"
"2021","New Mexico","Ischemic heart disease","2747"
"2021","New Mexico","Renal failure","34"
"2021","New Mexico","Hypertensive diseases","243"
"2021","New Mexico","Chronic lower respiratory disease","1001"
"2021","New York","Renal failure","1758"
"2021","New York","Alzheimer disease and dementia","9419"
"2021","New York","Malignant neoplasms","21001"
"2021","New York","Heart failure","2149"
"2021","New York","Influenza and pneumonia","2135"
"2021","New York","Chronic lower respiratory disease","4432"
"2021","New York","Diabetes","3054"
"2021","New York","Sepsis","1299"
"2021","New York","Other diseases of the circulatory system","6077"
"2021","New York","Other diseases of the respiratory system","2660"
"2021","New York","Ischemic heart disease","15789"
"2021","New York","Hypertensive diseases","4105"
"2021","New York","Cerebrovascular diseases","4387"
"2021","New York City","Ischemic heart disease","11833"
"2021","New York City","Hypertensive diseases","3693"
"2021","New York City","Sepsis","800"
"2021","New York City","Alzheimer disease and dementia","2965"
"2021","New York City","Chronic lower respiratory disease","1394"
"2021","New York City","Renal failure","563"
"2021","New York City","Other diseases of the respiratory system","975"
"2021","New York City","Heart failure","584"
"2021","New York City","Cerebrovascular diseases","2140"
"2021","New York City","Influenza and pneumonia","1617"
"2021","New York City","Diabetes","1714"
"2021","New York City","Malignant neoplasms","11535"
"2021","New York City","Other diseases of the circulatory system","2137"
"2021","North Carolina","Ischemic heart disease","11209"
"2021","North Carolina","Other diseases of the circulatory system","5951"
"2021","North Carolina","Renal failure","2201"
"2021","North Carolina","Chronic lower respiratory disease","4729"
"2021","North Carolina","Other diseases of the respiratory system","2554"
"2021","North Carolina","Influenza and pneumonia","1544"
"2021","North Carolina","Malignant neoplasms","20414"
"2021","North Carolina","Heart failure","3385"
"2021","North Carolina","Alzheimer disease and dementia","10141"
"2021","North Carolina","Sepsis","1680"
"2021","North Carolina","Diabetes","3939"
"2021","North Carolina","Hypertensive diseases","3100"
"2021","North Carolina","Cerebrovascular diseases","5692"
"2021","North Dakota","Chronic lower respiratory disease","49"
"2021","North Dakota","Other diseases of the circulatory system","233"
"2021","North Dakota","Alzheimer disease and dementia","345"
"2021","North Dakota","Cerebrovascular diseases","13"
"2021","North Dakota","Ischemic heart disease","771"
"2021","North Dakota","Malignant neoplasms","1344"
"2021","North Dakota","Hypertensive diseases","12"
"2021","North Dakota","Diabetes","11"
"2021","Ohio","Diabetes","4459"
"2021","Ohio","Ischemic heart disease","15876"
"2021","Ohio","Malignant neoplasms","25046"
"2021","Ohio","Renal failure","2217"
"2021","Ohio","Other diseases of the circulatory system","8997"
"2021","Ohio","Alzheimer disease and dementia","11222"
"2021","Ohio","Other diseases of the respiratory system","3173"
"2021","Ohio","Hypertensive diseases","4449"
"2021","Ohio","Sepsis","2071"
"2021","Ohio","Cerebrovascular diseases","7205"
"2021","Ohio","Influenza and pneumonia","1645"
"2021","Ohio","Chronic lower respiratory disease","6399"
"2021","Ohio","Heart failure","3978"
"2021","Oklahoma","Sepsis","101"
"2021","Oklahoma","Influenza and pneumonia","263"
"2021","Oklahoma","Renal failure","183"
"2021","Oklahoma","Hypertensive diseases","5221"
"2021","Oklahoma","Alzheimer disease and dementia","3172"
"2021","Oklahoma","Other diseases of the circulatory system","1563"
"2021","Oklahoma","Malignant neoplasms","8116"
"2021","Oklahoma","Heart failure","747"
"2021","Oklahoma","Cerebrovascular diseases","1845"
"2021","Oklahoma","Other diseases of the respiratory system","535"
"2021","Oklahoma","Diabetes","1575"
"2021","Oklahoma","Ischemic heart disease","5080"
"2021","Oklahoma","Chronic lower respiratory disease","2773"
"2021","Oregon","Ischemic heart disease","3624"
"2021","Oregon","Malignant neoplasms","8560"
"2021","Oregon","Hypertensive diseases","1490"
"2021","Oregon","Chronic lower respiratory disease","1880"
"2021","Oregon","Other diseases of the circulatory system","2883"
"2021","Oregon","Diabetes","1422"
"2021","Oregon","Alzheimer disease and dementia","4666"
"2021","Oregon","Influenza and pneumonia","13"
"2021","Oregon","Cerebrovascular diseases","2343"
"2021","Oregon","Renal failure","117"
"2021","Oregon","Heart failure","968"
"2021","Oregon","Other diseases of the respiratory system","551"
"2021","Pennsylvania","Other diseases of the circulatory system","9748"
"2021","Pennsylvania","Cerebrovascular diseases","6784"
"2021","Pennsylvania","Diabetes","4162"
"2021","Pennsylvania","Malignant neoplasms","27694"
"2021","Pennsylvania","Influenza and pneumonia","1845"
"2021","Pennsylvania","Ischemic heart disease","16956"
"2021","Pennsylvania","Other diseases of the respiratory system","3441"
"2021","Pennsylvania","Hypertensive diseases","3770"
"2021","Pennsylvania","Sepsis","2543"
"2021","Pennsylvania","Heart failure","4834"
"2021","Pennsylvania","Renal failure","3000"
"2021","Pennsylvania","Alzheimer disease and dementia","12365"
"2021","Pennsylvania","Chronic lower respiratory disease","5536"
"2021","Puerto Rico","Cerebrovascular diseases","1327"
"2021","Puerto Rico","Diabetes","3239"
"2021","Puerto Rico","Alzheimer disease and dementia","3329"
"2021","Puerto Rico","Influenza and pneumonia","645"
"2021","Puerto Rico","Sepsis","618"
"2021","Puerto Rico","Ischemic heart disease","3301"
"2021","Puerto Rico","Renal failure","1004"
"2021","Puerto Rico","Heart failure","387"
"2021","Puerto Rico","Chronic lower respiratory disease","1035"
"2021","Puerto Rico","Other diseases of the circulatory system","829"
"2021","Puerto Rico","Other diseases of the respiratory system","674"
"2021","Puerto Rico","Hypertensive diseases","1636"
"2021","Puerto Rico","Malignant neoplasms","5226"
"2021","Rhode Island","Ischemic heart disease","1484"
"2021","Rhode Island","Other diseases of the circulatory system","497"
"2021","Rhode Island","Chronic lower respiratory disease","158"
"2021","Rhode Island","Cerebrovascular diseases","206"
"2021","Rhode Island","Alzheimer disease and dementia","1177"
"2021","Rhode Island","Diabetes","12"
"2021","Rhode Island","Malignant neoplasms","2213"
"2021","Rhode Island","Renal failure","14"
"2021","Rhode Island","Hypertensive diseases","24"
"2021","South Carolina","Renal failure","825"
"2021","South Carolina","Malignant neoplasms","10376"
"2021","South Carolina","Alzheimer disease and dementia","5435"
"2021","South Carolina","Other diseases of the circulatory system","3410"
"2021","South Carolina","Diabetes","1739"
"2021","South Carolina","Heart failure","1635"
"2021","South Carolina","Cerebrovascular diseases","3009"
"2021","South Carolina","Hypertensive diseases","2275"
"2021","South Carolina","Other diseases of the respiratory system","1242"
"2021","South Carolina","Chronic lower respiratory disease","2830"
"2021","South Carolina","Influenza and pneumonia","374"
"2021","South Carolina","Sepsis","717"
"2021","South Carolina","Ischemic heart disease","5791"
"2021","South Dakota","Other diseases of the circulatory system","165"
"2021","South Dakota","Chronic lower respiratory disease","204"
"2021","South Dakota","Alzheimer disease and dementia","516"
"2021","South Dakota","Malignant neoplasms","1740"
"2021","South Dakota","Diabetes","35"
"2021","South Dakota","Cerebrovascular diseases","82"
"2021","South Dakota","Hypertensive diseases","25"
"2021","South Dakota","Ischemic heart disease","1123"
"2021","Tennessee","Influenza and pneumonia","1307"
"2021","Tennessee","Renal failure","1265"
"2021","Tennessee","Hypertensive diseases","4044"
"2021","Tennessee","Malignant neoplasms","14856"
"2021","Tennessee","Alzheimer disease and dementia","7307"
"2021","Tennessee","Cerebrovascular diseases","4119"
"2021","Tennessee","Other diseases of the circulatory system","4160"
"2021","Tennessee","Other diseases of the respiratory system","1683"
"2021","Tennessee","Diabetes","2739"
"2021","Tennessee","Chronic lower respiratory disease","4548"
"2021","Tennessee","Heart failure","1372"
"2021","Tennessee","Ischemic heart disease","11343"
"2021","Tennessee","Sepsis","1134"
"2021","Texas","Alzheimer disease and dementia","21497"
"2021","Texas","Hypertensive diseases","9403"
"2021","Texas","Ischemic heart disease","27696"
"2021","Texas","Sepsis","3631"
"2021","Texas","Other diseases of the circulatory system","12634"
"2021","Texas","Influenza and pneumonia","2987"
"2021","Texas","Other diseases of the respiratory system","4960"
"2021","Texas","Malignant neoplasms","42973"
"2021","Texas","Cerebrovascular diseases","12116"
"2021","Texas","Chronic lower respiratory disease","10087"
"2021","Texas","Diabetes","8174"
"2021","Texas","Renal failure","4485"
"2021","Texas","Heart failure","6041"
"2021","United States","Cerebrovascular diseases","162601"
"2021","United States","Chronic lower respiratory disease","142017"
"2021","United States","Other diseases of the circulatory system","183476"
"2021","United States","Sepsis","41221"
"2021","United States","Hypertensive diseases","124277"
"2021","United States","Heart failure","84822"
"2021","United States","Diabetes","103044"
"2021","United States","Malignant neoplasms","604277"
"2021","United States","Alzheimer disease and dementia","278668"
"2021","United States","Ischemic heart disease","375155"
"2021","United States","Other diseases of the respiratory system","66495"
"2021","United States","Renal failure","53183"
"2021","United States","Influenza and pneumonia","41898"
"2021","Utah","Ischemic heart disease","1912"
"2021","Utah","Hypertensive diseases","521"
"2021","Utah","Chronic lower respiratory disease","868"
"2021","Utah","Influenza and pneumonia","11"
"2021","Utah","Renal failure","60"
"2021","Utah","Malignant neoplasms","3594"
"2021","Utah","Sepsis","23"
"2021","Utah","Other diseases of the circulatory system","1337"
"2021","Utah","Cerebrovascular diseases","919"
"2021","Utah","Diabetes","807"
"2021","Utah","Heart failure","934"
"2021","Utah","Other diseases of the respiratory system","162"
"2021","Utah","Alzheimer disease and dementia","2154"
"2021","Vermont","Hypertensive diseases","22"
"2021","Vermont","Malignant neoplasms","1391"
"2021","Vermont","Ischemic heart disease","1073"
"2021","Vermont","Other diseases of the circulatory system","37"
"2021","Vermont","Chronic lower respiratory disease","11"
"2021","Vermont","Alzheimer disease and dementia","499"
"2021","Virginia","Other diseases of the circulatory system","4899"
"2021","Virginia","Other diseases of the respiratory system","1858"
"2021","Virginia","Chronic lower respiratory disease","3166"
"2021","Virginia","Ischemic heart disease","8508"
"2021","Virginia","Hypertensive diseases","2244"
"2021","Virginia","Sepsis","1050"
"2021","Virginia","Alzheimer disease and dementia","8193"
"2021","Virginia","Heart failure","2508"
"2021","Virginia","Diabetes","2644"
"2021","Virginia","Influenza and pneumonia","872"
"2021","Virginia","Malignant neoplasms","15558"
"2021","Virginia","Renal failure","1598"
"2021","Virginia","Cerebrovascular diseases","4058"
"2021","Washington","Ischemic heart disease","7374"
"2021","Washington","Renal failure","134"
"2021","Washington","Cerebrovascular diseases","3190"
"2021","Washington","Sepsis","342"
"2021","Washington","Chronic lower respiratory disease","2643"
"2021","Washington","Other diseases of the respiratory system","1398"
"2021","Washington","Other diseases of the circulatory system","3770"
"2021","Washington","Malignant neoplasms","13568"
"2021","Washington","Hypertensive diseases","2633"
"2021","Washington","Influenza and pneumonia","279"
"2021","Washington","Alzheimer disease and dementia","6585"
"2021","Washington","Heart failure","530"
"2021","Washington","Diabetes","2229"
"2021","West Virginia","Other diseases of the circulatory system","1162"
"2021","West Virginia","Sepsis","59"
"2021","West Virginia","Other diseases of the respiratory system","200"
"2021","West Virginia","Ischemic heart disease","3351"
"2021","West Virginia","Cerebrovascular diseases","979"
"2021","West Virginia","Diabetes","1164"
"2021","West Virginia","Renal failure","502"
"2021","West Virginia","Influenza and pneumonia","147"
"2021","West Virginia","Malignant neoplasms","4712"
"2021","West Virginia","Alzheimer disease and dementia","1989"
"2021","West Virginia","Heart failure","285"
"2021","West Virginia","Chronic lower respiratory disease","1534"
"2021","West Virginia","Hypertensive diseases","882"
"2021","Wisconsin","Ischemic heart disease","6983"
"2021","Wisconsin","Alzheimer disease and dementia","5604"
"2021","Wisconsin","Other diseases of the respiratory system","1124"
"2021","Wisconsin","Other diseases of the circulatory system","3663"
"2021","Wisconsin","Cerebrovascular diseases","2603"
"2021","Wisconsin","Renal failure","802"
"2021","Wisconsin","Diabetes","1676"
"2021","Wisconsin","Heart failure","1610"
"2021","Wisconsin","Sepsis","403"
"2021","Wisconsin","Malignant neoplasms","11235"
"2021","Wisconsin","Hypertensive diseases","1798"
"2021","Wisconsin","Chronic lower respiratory disease","2432"
"2021","Wisconsin","Influenza and pneumonia","299"
"2021","Wyoming","Chronic lower respiratory disease","36"
"2021","Wyoming","Other diseases of the circulatory system","23"
"2021","Wyoming","Ischemic heart disease","413"
"2021","Wyoming","Alzheimer disease and dementia","137"
"2021","Wyoming","Malignant neoplasms","1047"
"2022","Alabama","Chronic lower respiratory disease","3096"
"2022","Alabama","Other diseases of the circulatory system","5847"
"2022","Alabama","Sepsis","1124"
"2022","Alabama","Renal failure","1288"
"2022","Alabama","Hypertensive diseases","2966"
"2022","Alabama","Alzheimer disease and dementia","5137"
"2022","Alabama","Diabetes","1588"
"2022","Alabama","Influenza and pneumonia","877"
"2022","Alabama","Cerebrovascular diseases","3165"
"2022","Alabama","Ischemic heart disease","4792"
"2022","Alabama","Other diseases of the respiratory system","1428"
"2022","Alabama","Malignant neoplasms","10101"
"2022","Alabama","Heart failure","2514"
"2022","Alaska","Other diseases of the circulatory system","41"
"2022","Alaska","Cerebrovascular diseases","14"
"2022","Alaska","Ischemic heart disease","242"
"2022","Alaska","Alzheimer disease and dementia","112"
"2022","Alaska","Malignant neoplasms","1001"
"2022","Arizona","Other diseases of the respiratory system","1371"
"2022","Arizona","Diabetes","2424"
"2022","Arizona","Cerebrovascular diseases","3380"
"2022","Arizona","Ischemic heart disease","8384"
"2022","Arizona","Hypertensive diseases","3432"
"2022","Arizona","Heart failure","1117"
"2022","Arizona","Influenza and pneumonia","939"
"2022","Arizona","Renal failure","786"
"2022","Arizona","Malignant neoplasms","13258"
"2022","Arizona","Chronic lower respiratory disease","3601"
"2022","Arizona","Sepsis","261"
"2022","Arizona","Other diseases of the circulatory system","3644"
"2022","Arizona","Alzheimer disease and dementia","6700"
"2022","Arkansas","Cerebrovascular diseases","1723"
"2022","Arkansas","Malignant neoplasms","6572"
"2022","Arkansas","Chronic lower respiratory disease","2396"
"2022","Arkansas","Ischemic heart disease","4876"
"2022","Arkansas","Hypertensive diseases","1817"
"2022","Arkansas","Other diseases of the circulatory system","1561"
"2022","Arkansas","Diabetes","1413"
"2022","Arkansas","Renal failure","772"
"2022","Arkansas","Heart failure","1093"
"2022","Arkansas","Sepsis","515"
"2022","Arkansas","Other diseases of the respiratory system","504"
"2022","Arkansas","Alzheimer disease and dementia","3195"
"2022","Arkansas","Influenza and pneumonia","498"
"2022","California","Malignant neoplasms","60576"
"2022","California","Sepsis","1832"
"2022","California","Hypertensive diseases","14869"
"2022","California","Other diseases of the respiratory system","4983"
"2022","California","Alzheimer disease and dementia","29909"
"2022","California","Diabetes","11597"
"2022","California","Influenza and pneumonia","5317"
"2022","California","Renal failure","4900"
"2022","California","Other diseases of the circulatory system","14668"
"2022","California","Chronic lower respiratory disease","11982"
"2022","California","Heart failure","8824"
"2022","California","Ischemic heart disease","38059"
"2022","California","Cerebrovascular diseases","18420"
"2022","Colorado","Ischemic heart disease","4173"
"2022","Colorado","Chronic lower respiratory disease","2471"
"2022","Colorado","Sepsis","284"
"2022","Colorado","Malignant neoplasms","8387"
"2022","Colorado","Other diseases of the respiratory system","1020"
"2022","Colorado","Influenza and pneumonia","269"
"2022","Colorado","Renal failure","323"
"2022","Colorado","Cerebrovascular diseases","2166"
"2022","Colorado","Alzheimer disease and dementia","4646"
"2022","Colorado","Other diseases of the circulatory system","2723"
"2022","Colorado","Heart failure","839"
"2022","Colorado","Hypertensive diseases","1636"
"2022","Colorado","Diabetes","1225"
"2022","Connecticut","Ischemic heart disease","3409"
"2022","Connecticut","Influenza and pneumonia","390"
"2022","Connecticut","Other diseases of the respiratory system","684"
"2022","Connecticut","Other diseases of the circulatory system","2011"
"2022","Connecticut","Renal failure","697"
"2022","Connecticut","Sepsis","181"
"2022","Connecticut","Malignant neoplasms","6718"
"2022","Connecticut","Diabetes","690"
"2022","Connecticut","Chronic lower respiratory disease","1232"
"2022","Connecticut","Alzheimer disease and dementia","3701"
"2022","Connecticut","Heart failure","1323"
"2022","Connecticut","Cerebrovascular diseases","1533"
"2022","Connecticut","Hypertensive diseases","992"
"2022","Delaware","Heart failure","26"
"2022","Delaware","Other diseases of the respiratory system","12"
"2022","Delaware","Chronic lower respiratory disease","190"
"2022","Delaware","Alzheimer disease and dementia","846"
"2022","Delaware","Malignant neoplasms","2349"
"2022","Delaware","Cerebrovascular diseases","801"
"2022","Delaware","Other diseases of the circulatory system","323"
"2022","Delaware","Diabetes","91"
"2022","Delaware","Ischemic heart disease","1249"
"2022","Delaware","Hypertensive diseases","47"
"2022","District of Columbia","Ischemic heart disease","853"
"2022","District of Columbia","Hypertensive diseases","49"
"2022","District of Columbia","Malignant neoplasms","1166"
"2022","District of Columbia","Other diseases of the circulatory system","60"
"2022","District of Columbia","Cerebrovascular diseases","78"
"2022","District of Columbia","Alzheimer disease and dementia","34"
"2022","Florida","Sepsis","2925"
"2022","Florida","Ischemic heart disease","31061"
"2022","Florida","Hypertensive diseases","9330"
"2022","Florida","Chronic lower respiratory disease","11267"
"2022","Florida","Other diseases of the respiratory system","4267"
"2022","Florida","Cerebrovascular diseases","16658"
"2022","Florida","Malignant neoplasms","46956"
"2022","Florida","Heart failure","4323"
"2022","Florida","Alzheimer disease and dementia","19486"
"2022","Florida","Diabetes","7617"
"2022","Florida","Other diseases of the circulatory system","11536"
"2022","Florida","Influenza and pneumonia","2933"
"2022","Florida","Renal failure","3786"
"2022","Georgia","Sepsis","1813"
"2022","Georgia","Other diseases of the circulatory system","6804"
"2022","Georgia","Cerebrovascular diseases","5099"
"2022","Georgia","Hypertensive diseases","5227"
"2022","Georgia","Heart failure","3894"
"2022","Georgia","Renal failure","2322"
"2022","Georgia","Other diseases of the respiratory system","2845"
"2022","Georgia","Chronic lower respiratory disease","4761"
"2022","Georgia","Diabetes","2691"
"2022","Georgia","Alzheimer disease and dementia","9112"
"2022","Georgia","Influenza and pneumonia","1338"
"2022","Georgia","Malignant neoplasms","18391"
"2022","Georgia","Ischemic heart disease","8099"
"2022","Hawaii","Other diseases of the circulatory system","903"
"2022","Hawaii","Other diseases of the respiratory system","57"
"2022","Hawaii","Chronic lower respiratory disease","23"
"2022","Hawaii","Diabetes","58"
"2022","Hawaii","Hypertensive diseases","356"
"2022","Hawaii","Malignant neoplasms","2580"
"2022","Hawaii","Cerebrovascular diseases","857"
"2022","Hawaii","Alzheimer disease and dementia","1530"
"2022","Hawaii","Influenza and pneumonia","11"
"2022","Hawaii","Ischemic heart disease","1554"
"2022","Hawaii","Renal failure","11"
"2022","Idaho","Alzheimer disease and dementia","1739"
"2022","Idaho","Other diseases of the circulatory system","991"
"2022","Idaho","Other diseases of the respiratory system","35"
"2022","Idaho","Heart failure","38"
"2022","Idaho","Diabetes","195"
"2022","Idaho","Chronic lower respiratory disease","970"
"2022","Idaho","Cerebrovascular diseases","642"
"2022","Idaho","Influenza and pneumonia","43"
"2022","Idaho","Ischemic heart disease","1715"
"2022","Idaho","Hypertensive diseases","566"
"2022","Idaho","Malignant neoplasms","3117"
"2022","Illinois","Other diseases of the circulatory system","7997"
"2022","Illinois","Malignant neoplasms","22813"
"2022","Illinois","Cerebrovascular diseases","6447"
"2022","Illinois","Other diseases of the respiratory system","2564"
"2022","Illinois","Hypertensive diseases","4302"
"2022","Illinois","Ischemic heart disease","11723"
"2022","Illinois","Sepsis","1714"
"2022","Illinois","Renal failure","2774"
"2022","Illinois","Diabetes","3396"
"2022","Illinois","Alzheimer disease and dementia","10529"
"2022","Illinois","Heart failure","4648"
"2022","Illinois","Chronic lower respiratory disease","5090"
"2022","Illinois","Influenza and pneumonia","1933"
"2022","Indiana","Alzheimer disease and dementia","6793"
"2022","Indiana","Influenza and pneumonia","829"
"2022","Indiana","Chronic lower respiratory disease","4590"
"2022","Indiana","Ischemic heart disease","7800"
"2022","Indiana","Diabetes","2514"
"2022","Indiana","Renal failure","1549"
"2022","Indiana","Cerebrovascular diseases","3491"
"2022","Indiana","Malignant neoplasms","13831"
"2022","Indiana","Other diseases of the respiratory system","1759"
"2022","Indiana","Sepsis","810"
"2022","Indiana","Heart failure","2373"
"2022","Indiana","Other diseases of the circulatory system","4237"
"2022","Indiana","Hypertensive diseases","2655"
"2022","Iowa","Hypertensive diseases","1259"
"2022","Iowa","Cerebrovascular diseases","1374"
"2022","Iowa","Ischemic heart disease","4366"
"2022","Iowa","Influenza and pneumonia","218"
"2022","Iowa","Chronic lower respiratory disease","1739"
"2022","Iowa","Malignant neoplasms","6255"
"2022","Iowa","Diabetes","996"
"2022","Iowa","Heart failure","940"
"2022","Iowa","Renal failure","142"
"2022","Iowa","Other diseases of the respiratory system","643"
"2022","Iowa","Sepsis","60"
"2022","Iowa","Other diseases of the circulatory system","2019"
"2022","Iowa","Alzheimer disease and dementia","3297"
"2022","Kansas","Sepsis","33"
"2022","Kansas","Diabetes","956"
"2022","Kansas","Heart failure","673"
"2022","Kansas","Malignant neoplasms","5307"
"2022","Kansas","Hypertensive diseases","1373"
"2022","Kansas","Renal failure","441"
"2022","Kansas","Other diseases of the circulatory system","1579"
"2022","Kansas","Cerebrovascular diseases","1257"
"2022","Kansas","Alzheimer disease and dementia","3181"
"2022","Kansas","Chronic lower respiratory disease","1632"
"2022","Kansas","Influenza and pneumonia","181"
"2022","Kansas","Ischemic heart disease","3475"
"2022","Kansas","Other diseases of the respiratory system","500"
"2022","Kentucky","Chronic lower respiratory disease","3265"
"2022","Kentucky","Cerebrovascular diseases","2273"
"2022","Kentucky","Diabetes","1678"
"2022","Kentucky","Hypertensive diseases","1792"
"2022","Kentucky","Renal failure","1245"
"2022","Kentucky","Other diseases of the circulatory system","3497"
"2022","Kentucky","Ischemic heart disease","5915"
"2022","Kentucky","Malignant neoplasms","10322"
"2022","Kentucky","Other diseases of the respiratory system","1252"
"2022","Kentucky","Sepsis","1049"
"2022","Kentucky","Alzheimer disease and dementia","4732"
"2022","Kentucky","Influenza and pneumonia","786"
"2022","Kentucky","Heart failure","1444"
"2022","Louisiana","Renal failure","1062"
"2022","Louisiana","Hypertensive diseases","1978"
"2022","Louisiana","Influenza and pneumonia","409"
"2022","Louisiana","Malignant neoplasms","9133"
"2022","Louisiana","Diabetes","1654"
"2022","Louisiana","Heart failure","2207"
"2022","Louisiana","Sepsis","1118"
"2022","Louisiana","Chronic lower respiratory disease","2203"
"2022","Louisiana","Other diseases of the circulatory system","3122"
"2022","Louisiana","Alzheimer disease and dementia","4114"
"2022","Louisiana","Cerebrovascular diseases","2724"
"2022","Louisiana","Other diseases of the respiratory system","1221"
"2022","Louisiana","Ischemic heart disease","5745"
"2022","Maine","Chronic lower respiratory disease","832"
"2022","Maine","Cerebrovascular diseases","497"
"2022","Maine","Heart failure","24"
"2022","Maine","Alzheimer disease and dementia","1930"
"2022","Maine","Renal failure","11"
"2022","Maine","Hypertensive diseases","586"
"2022","Maine","Other diseases of the respiratory system","33"
"2022","Maine","Diabetes","404"
"2022","Maine","Other diseases of the circulatory system","1068"
"2022","Maine","Influenza and pneumonia","56"
"2022","Maine","Ischemic heart disease","1865"
"2022","Maine","Malignant neoplasms","3376"
"2022","Maryland","Cerebrovascular diseases","3283"
"2022","Maryland","Chronic lower respiratory disease","1922"
"2022","Maryland","Hypertensive diseases","2166"
"2022","Maryland","Heart failure","883"
"2022","Maryland","Other diseases of the circulatory system","3741"
"2022","Maryland","Alzheimer disease and dementia","4976"
"2022","Maryland","Sepsis","958"
"2022","Maryland","Malignant neoplasms","10720"
"2022","Maryland","Ischemic heart disease","6318"
"2022","Maryland","Influenza and pneumonia","528"
"2022","Maryland","Other diseases of the respiratory system","985"
"2022","Maryland","Diabetes","1772"
"2022","Maryland","Renal failure","609"
"2022","Massachusetts","Sepsis","958"
"2022","Massachusetts","Ischemic heart disease","5683"
"2022","Massachusetts","Cerebrovascular diseases","2391"
"2022","Massachusetts","Diabetes","1513"
"2022","Massachusetts","Influenza and pneumonia","914"
"2022","Massachusetts","Hypertensive diseases","1523"
"2022","Massachusetts","Other diseases of the circulatory system","4441"
"2022","Massachusetts","Renal failure","1390"
"2022","Massachusetts","Malignant neoplasms","12743"
"2022","Massachusetts","Other diseases of the respiratory system","1804"
"2022","Massachusetts","Heart failure","2142"
"2022","Massachusetts","Chronic lower respiratory disease","2381"
"2022","Massachusetts","Alzheimer disease and dementia","7101"
"2022","Michigan","Alzheimer disease and dementia","8420"
"2022","Michigan","Ischemic heart disease","14945"
"2022","Michigan","Diabetes","3384"
"2022","Michigan","Influenza and pneumonia","1407"
"2022","Michigan","Heart failure","3043"
"2022","Michigan","Hypertensive diseases","5291"
"2022","Michigan","Sepsis","1286"
"2022","Michigan","Cerebrovascular diseases","5678"
"2022","Michigan","Chronic lower respiratory disease","5217"
"2022","Michigan","Other diseases of the circulatory system","6026"
"2022","Michigan","Other diseases of the respiratory system","1784"
"2022","Michigan","Renal failure","2028"
"2022","Michigan","Malignant neoplasms","20743"
"2022","Minnesota","Other diseases of the circulatory system","3207"
"2022","Minnesota","Ischemic heart disease","4457"
"2022","Minnesota","Other diseases of the respiratory system","883"
"2022","Minnesota","Malignant neoplasms","10352"
"2022","Minnesota","Cerebrovascular diseases","2335"
"2022","Minnesota","Diabetes","1514"
"2022","Minnesota","Influenza and pneumonia","274"
"2022","Minnesota","Heart failure","969"
"2022","Minnesota","Renal failure","324"
"2022","Minnesota","Hypertensive diseases","1878"
"2022","Minnesota","Chronic lower respiratory disease","2161"
"2022","Minnesota","Sepsis","238"
"2022","Minnesota","Alzheimer disease and dementia","5545"
"2022","Mississippi","Other diseases of the circulatory system","1717"
"2022","Mississippi","Other diseases of the respiratory system","524"
"2022","Mississippi","Hypertensive diseases","2174"
"2022","Mississippi","Alzheimer disease and dementia","2878"
"2022","Mississippi","Cerebrovascular diseases","1823"
"2022","Mississippi","Sepsis","45"
"2022","Mississippi","Ischemic heart disease","4305"
"2022","Mississippi","Chronic lower respiratory disease","2206"
"2022","Mississippi","Renal failure","614"
"2022","Mississippi","Malignant neoplasms","6496"
"2022","Mississippi","Diabetes","1258"
"2022","Mississippi","Influenza and pneumonia","624"
"2022","Mississippi","Heart failure","1405"
"2022","Missouri","Chronic lower respiratory disease","3841"
"2022","Missouri","Malignant neoplasms","13435"
"2022","Missouri","Sepsis","1078"
"2022","Missouri","Other diseases of the circulatory system","4117"
"2022","Missouri","Influenza and pneumonia","1077"
"2022","Missouri","Heart failure","2643"
"2022","Missouri","Alzheimer disease and dementia","6051"
"2022","Missouri","Other diseases of the respiratory system","1691"
"2022","Missouri","Diabetes","1887"
"2022","Missouri","Hypertensive diseases","2199"
"2022","Missouri","Cerebrovascular diseases","3342"
"2022","Missouri","Renal failure","1729"
"2022","Missouri","Ischemic heart disease","8749"
"2022","Montana","Ischemic heart disease","1550"
"2022","Montana","Malignant neoplasms","2212"
"2022","Montana","Other diseases of the circulatory system","532"
"2022","Montana","Heart failure","11"
"2022","Montana","Hypertensive diseases","11"
"2022","Montana","Diabetes","12"
"2022","Montana","Alzheimer disease and dementia","1031"
"2022","Montana","Chronic lower respiratory disease","438"
"2022","Montana","Cerebrovascular diseases","98"
"2022","Nebraska","Heart failure","327"
"2022","Nebraska","Alzheimer disease and dementia","1960"
"2022","Nebraska","Chronic lower respiratory disease","885"
"2022","Nebraska","Other diseases of the respiratory system","57"
"2022","Nebraska","Malignant neoplasms","3502"
"2022","Nebraska","Cerebrovascular diseases","853"
"2022","Nebraska","Other diseases of the circulatory system","1310"
"2022","Nebraska","Ischemic heart disease","1666"
"2022","Nebraska","Diabetes","340"
"2022","Nebraska","Influenza and pneumonia","48"
"2022","Nebraska","Renal failure","12"
"2022","Nebraska","Sepsis","12"
"2022","Nebraska","Hypertensive diseases","864"
"2022","Nevada","Malignant neoplasms","5440"
"2022","Nevada","Influenza and pneumonia","431"
"2022","Nevada","Diabetes","911"
"2022","Nevada","Alzheimer disease and dementia","2185"
"2022","Nevada","Heart failure","110"
"2022","Nevada","Other diseases of the respiratory system","145"
"2022","Nevada","Cerebrovascular diseases","1534"
"2022","Nevada","Hypertensive diseases","1879"
"2022","Nevada","Renal failure","13"
"2022","Nevada","Ischemic heart disease","3998"
"2022","Nevada","Other diseases of the circulatory system","2010"
"2022","Nevada","Chronic lower respiratory disease","1637"
"2022","New Hampshire","Chronic lower respiratory disease","684"
"2022","New Hampshire","Other diseases of the respiratory system","15"
"2022","New Hampshire","Diabetes","150"
"2022","New Hampshire","Heart failure","183"
"2022","New Hampshire","Malignant neoplasms","2789"
"2022","New Hampshire","Hypertensive diseases","46"
"2022","New Hampshire","Alzheimer disease and dementia","1525"
"2022","New Hampshire","Ischemic heart disease","1490"
"2022","New Hampshire","Cerebrovascular diseases","420"
"2022","New Hampshire","Other diseases of the circulatory system","903"
"2022","New Jersey","Diabetes","2090"
"2022","New Jersey","Other diseases of the respiratory system","2648"
"2022","New Jersey","Malignant neoplasms","15193"
"2022","New Jersey","Influenza and pneumonia","1153"
"2022","New Jersey","Other diseases of the circulatory system","5969"
"2022","New Jersey","Hypertensive diseases","2333"
"2022","New Jersey","Cerebrovascular diseases","3610"
"2022","New Jersey","Heart failure","2903"
"2022","New Jersey","Chronic lower respiratory disease","2687"
"2022","New Jersey","Sepsis","2024"
"2022","New Jersey","Renal failure","1758"
"2022","New Jersey","Ischemic heart disease","9161"
"2022","New Jersey","Alzheimer disease and dementia","6639"
"2022","New Mexico","Ischemic heart disease","2905"
"2022","New Mexico","Diabetes","769"
"2022","New Mexico","Cerebrovascular diseases","966"
"2022","New Mexico","Influenza and pneumonia","96"
"2022","New Mexico","Other diseases of the circulatory system","791"
"2022","New Mexico","Other diseases of the respiratory system","181"
"2022","New Mexico","Chronic lower respiratory disease","1084"
"2022","New Mexico","Alzheimer disease and dementia","1717"
"2022","New Mexico","Heart failure","133"
"2022","New Mexico","Sepsis","13"
"2022","New Mexico","Hypertensive diseases","169"
"2022","New Mexico","Renal failure","57"
"2022","New Mexico","Malignant neoplasms","3492"
"2022","New York","Other diseases of the respiratory system","2956"
"2022","New York","Alzheimer disease and dementia","9570"
"2022","New York","Sepsis","1443"
"2022","New York","Renal failure","1780"
"2022","New York","Diabetes","2990"
"2022","New York","Hypertensive diseases","4247"
"2022","New York","Cerebrovascular diseases","4259"
"2022","New York","Influenza and pneumonia","2421"
"2022","New York","Malignant neoplasms","21191"
"2022","New York","Heart failure","2283"
"2022","New York","Other diseases of the circulatory system","6285"
"2022","New York","Chronic lower respiratory disease","4559"
"2022","New York","Ischemic heart disease","15926"
"2022","New York City","Ischemic heart disease","11929"
"2022","New York City","Malignant neoplasms","11308"
"2022","New York City","Renal failure","674"
"2022","New York City","Influenza and pneumonia","1588"
"2022","New York City","Diabetes","1782"
"2022","New York City","Hypertensive diseases","3713"
"2022","New York City","Chronic lower respiratory disease","1459"
"2022","New York City","Other diseases of the circulatory system","2205"
"2022","New York City","Sepsis","978"
"2022","New York City","Cerebrovascular diseases","2164"
"2022","New York City","Other diseases of the respiratory system","1105"
"2022","New York City","Alzheimer disease and dementia","2794"
"2022","New York City","Heart failure","514"
"2022","North Carolina","Ischemic heart disease","11525"
"2022","North Carolina","Heart failure","3369"
"2022","North Carolina","Chronic lower respiratory disease","5242"
"2022","North Carolina","Diabetes","3832"
"2022","North Carolina","Renal failure","2132"
"2022","North Carolina","Malignant neoplasms","20631"
"2022","North Carolina","Other diseases of the respiratory system","2473"
"2022","North Carolina","Sepsis","1501"
"2022","North Carolina","Alzheimer disease and dementia","10521"
"2022","North Carolina","Influenza and pneumonia","1514"
"2022","North Carolina","Other diseases of the circulatory system","5850"
"2022","North Carolina","Cerebrovascular diseases","6225"
"2022","North Carolina","Hypertensive diseases","3350"
"2022","North Dakota","Alzheimer disease and dementia","462"
"2022","North Dakota","Chronic lower respiratory disease","35"
"2022","North Dakota","Hypertensive diseases","46"
"2022","North Dakota","Cerebrovascular diseases","46"
"2022","North Dakota","Malignant neoplasms","1306"
"2022","North Dakota","Other diseases of the circulatory system","230"
"2022","North Dakota","Ischemic heart disease","778"
"2022","North Dakota","Diabetes","25"
"2022","Ohio","Heart failure","4064"
"2022","Ohio","Diabetes","4231"
"2022","Ohio","Malignant neoplasms","24633"
"2022","Ohio","Sepsis","1996"
"2022","Ohio","Other diseases of the circulatory system","8674"
"2022","Ohio","Renal failure","2498"
"2022","Ohio","Chronic lower respiratory disease","6748"
"2022","Ohio","Hypertensive diseases","4686"
"2022","Ohio","Influenza and pneumonia","1883"
"2022","Ohio","Alzheimer disease and dementia","11293"
"2022","Ohio","Cerebrovascular diseases","7216"
"2022","Ohio","Ischemic heart disease","15389"
"2022","Ohio","Other diseases of the respiratory system","3319"
"2022","Oklahoma","Sepsis","25"
"2022","Oklahoma","Chronic lower respiratory disease","2986"
"2022","Oklahoma","Other diseases of the circulatory system","1517"
"2022","Oklahoma","Cerebrovascular diseases","1810"
"2022","Oklahoma","Renal failure","188"
"2022","Oklahoma","Influenza and pneumonia","397"
"2022","Oklahoma","Diabetes","1529"
"2022","Oklahoma","Alzheimer disease and dementia","3621"
"2022","Oklahoma","Malignant neoplasms","8177"
"2022","Oklahoma","Other diseases of the respiratory system","453"
"2022","Oklahoma","Heart failure","642"
"2022","Oklahoma","Hypertensive diseases","5530"
"2022","Oklahoma","Ischemic heart disease","4912"
"2022","Oregon","Heart failure","934"
"2022","Oregon","Influenza and pneumonia","152"
"2022","Oregon","Diabetes","1440"
"2022","Oregon","Renal failure","150"
"2022","Oregon","Ischemic heart disease","3655"
"2022","Oregon","Cerebrovascular diseases","2624"
"2022","Oregon","Chronic lower respiratory disease","1985"
"2022","Oregon","Other diseases of the circulatory system","3000"
"2022","Oregon","Other diseases of the respiratory system","543"
"2022","Oregon","Hypertensive diseases","1619"
"2022","Oregon","Sepsis","45"
"2022","Oregon","Malignant neoplasms","8462"
"2022","Oregon","Alzheimer disease and dementia","4739"
"2022","Pennsylvania","Hypertensive diseases","3922"
"2022","Pennsylvania","Diabetes","4107"
"2022","Pennsylvania","Malignant neoplasms","27641"
"2022","Pennsylvania","Other diseases of the respiratory system","3638"
"2022","Pennsylvania","Heart failure","5281"
"2022","Pennsylvania","Renal failure","3098"
"2022","Pennsylvania","Chronic lower respiratory disease","5831"
"2022","Pennsylvania","Influenza and pneumonia","2025"
"2022","Pennsylvania","Sepsis","2615"
"2022","Pennsylvania","Alzheimer disease and dementia","12659"
"2022","Pennsylvania","Ischemic heart disease","16228"
"2022","Pennsylvania","Other diseases of the circulatory system","9710"
"2022","Pennsylvania","Cerebrovascular diseases","6891"
"2022","Puerto Rico","Sepsis","603"
"2022","Puerto Rico","Chronic lower respiratory disease","1020"
"2022","Puerto Rico","Hypertensive diseases","1647"
"2022","Puerto Rico","Renal failure","1205"
"2022","Puerto Rico","Influenza and pneumonia","770"
"2022","Puerto Rico","Heart failure","468"
"2022","Puerto Rico","Malignant neoplasms","5377"
"2022","Puerto Rico","Other diseases of the respiratory system","712"
"2022","Puerto Rico","Cerebrovascular diseases","1326"
"2022","Puerto Rico","Ischemic heart disease","3736"
"2022","Puerto Rico","Diabetes","3087"
"2022","Puerto Rico","Alzheimer disease and dementia","3673"
"2022","Puerto Rico","Other diseases of the circulatory system","978"
"2022","Rhode Island","Malignant neoplasms","2166"
"2022","Rhode Island","Diabetes","23"
"2022","Rhode Island","Chronic lower respiratory disease","157"
"2022","Rhode Island","Alzheimer disease and dementia","1145"
"2022","Rhode Island","Cerebrovascular diseases","243"
"2022","Rhode Island","Ischemic heart disease","1510"
"2022","Rhode Island","Hypertensive diseases","93"
"2022","Rhode Island","Other diseases of the circulatory system","479"
"2022","South Carolina","Malignant neoplasms","10681"
"2022","South Carolina","Chronic lower respiratory disease","2848"
"2022","South Carolina","Hypertensive diseases","2467"
"2022","South Carolina","Renal failure","883"
"2022","South Carolina","Diabetes","1759"
"2022","South Carolina","Other diseases of the respiratory system","1332"
"2022","South Carolina","Ischemic heart disease","5535"
"2022","South Carolina","Sepsis","846"
"2022","South Carolina","Heart failure","1724"
"2022","South Carolina","Cerebrovascular diseases","3004"
"2022","South Carolina","Influenza and pneumonia","477"
"2022","South Carolina","Other diseases of the circulatory system","3336"
"2022","South Carolina","Alzheimer disease and dementia","5822"
"2022","South Dakota","Diabetes","46"
"2022","South Dakota","Alzheimer disease and dementia","631"
"2022","South Dakota","Hypertensive diseases","48"
"2022","South Dakota","Malignant neoplasms","1699"
"2022","South Dakota","Other diseases of the circulatory system","178"
"2022","South Dakota","Chronic lower respiratory disease","138"
"2022","South Dakota","Ischemic heart disease","1200"
"2022","South Dakota","Cerebrovascular diseases","154"
"2022","Tennessee","Hypertensive diseases","4343"
"2022","Tennessee","Sepsis","1074"
"2022","Tennessee","Ischemic heart disease","11222"
"2022","Tennessee","Cerebrovascular diseases","4295"
"2022","Tennessee","Other diseases of the circulatory system","4082"
"2022","Tennessee","Diabetes","2786"
"2022","Tennessee","Alzheimer disease and dementia","7505"
"2022","Tennessee","Chronic lower respiratory disease","4328"
"2022","Tennessee","Heart failure","1444"
"2022","Tennessee","Renal failure","1266"
"2022","Tennessee","Malignant neoplasms","15003"
"2022","Tennessee","Influenza and pneumonia","1412"
"2022","Tennessee","Other diseases of the respiratory system","1657"
"2022","Texas","Other diseases of the circulatory system","12818"
"2022","Texas","Heart failure","6198"
"2022","Texas","Alzheimer disease and dementia","22832"
"2022","Texas","Hypertensive diseases","9618"
"2022","Texas","Cerebrovascular diseases","12423"
"2022","Texas","Influenza and pneumonia","3076"
"2022","Texas","Ischemic heart disease","27076"
"2022","Texas","Diabetes","7919"
"2022","Texas","Renal failure","4760"
"2022","Texas","Malignant neoplasms","44053"
"2022","Texas","Sepsis","3679"
"2022","Texas","Chronic lower respiratory disease","10079"
"2022","Texas","Other diseases of the respiratory system","5450"
"2022","United States","Ischemic heart disease","371581"
"2022","United States","Other diseases of the respiratory system","68821"
"2022","United States","Alzheimer disease and dementia","292074"
"2022","United States","Cerebrovascular diseases","165239"
"2022","United States","Malignant neoplasms","607577"
"2022","United States","Sepsis","42211"
"2022","United States","Heart failure","87764"
"2022","United States","Chronic lower respiratory disease","147091"
"2022","United States","Hypertensive diseases","131433"
"2022","United States","Other diseases of the circulatory system","185160"
"2022","United States","Diabetes","101051"
"2022","United States","Renal failure","56645"
"2022","United States","Influenza and pneumonia","47004"
"2022","Utah","Other diseases of the circulatory system","1382"
"2022","Utah","Sepsis","12"
"2022","Utah","Cerebrovascular diseases","984"
"2022","Utah","Alzheimer disease and dementia","2349"
"2022","Utah","Renal failure","47"
"2022","Utah","Influenza and pneumonia","52"
"2022","Utah","Heart failure","1020"
"2022","Utah","Ischemic heart disease","1934"
"2022","Utah","Diabetes","714"
"2022","Utah","Hypertensive diseases","600"
"2022","Utah","Chronic lower respiratory disease","903"
"2022","Utah","Malignant neoplasms","3604"
"2022","Utah","Other diseases of the respiratory system","177"
"2022","Vermont","Ischemic heart disease","928"
"2022","Vermont","Chronic lower respiratory disease","11"
"2022","Vermont","Other diseases of the circulatory system","36"
"2022","Vermont","Alzheimer disease and dementia","537"
"2022","Vermont","Malignant neoplasms","1443"
"2022","Vermont","Cerebrovascular diseases","12"
"2022","Vermont","Influenza and pneumonia","13"
"2022","Vermont","Hypertensive diseases","73"
"2022","Virginia","Other diseases of the circulatory system","4967"
"2022","Virginia","Malignant neoplasms","15637"
"2022","Virginia","Heart failure","2661"
"2022","Virginia","Renal failure","1642"
"2022","Virginia","Chronic lower respiratory disease","3208"
"2022","Virginia","Other diseases of the respiratory system","1882"
"2022","Virginia","Influenza and pneumonia","992"
"2022","Virginia","Alzheimer disease and dementia","8483"
"2022","Virginia","Diabetes","2857"
"2022","Virginia","Hypertensive diseases","2351"
"2022","Virginia","Cerebrovascular diseases","4272"
"2022","Virginia","Ischemic heart disease","8528"
"2022","Virginia","Sepsis","1060"
"2022","Washington","Hypertensive diseases","2578"
"2022","Washington","Sepsis","605"
"2022","Washington","Diabetes","2192"
"2022","Washington","Renal failure","296"
"2022","Washington","Alzheimer disease and dementia","7101"
"2022","Washington","Ischemic heart disease","7616"
"2022","Washington","Influenza and pneumonia","630"
"2022","Washington","Chronic lower respiratory disease","2932"
"2022","Washington","Other diseases of the respiratory system","1619"
"2022","Washington","Cerebrovascular diseases","3323"
"2022","Washington","Malignant neoplasms","13407"
"2022","Washington","Other diseases of the circulatory system","3851"
"2022","Washington","Heart failure","664"
"2022","West Virginia","Influenza and pneumonia","301"
"2022","West Virginia","Heart failure","353"
"2022","West Virginia","Chronic lower respiratory disease","1658"
"2022","West Virginia","Other diseases of the respiratory system","68"
"2022","West Virginia","Ischemic heart disease","3154"
"2022","West Virginia","Cerebrovascular diseases","1082"
"2022","West Virginia","Alzheimer disease and dementia","2159"
"2022","West Virginia","Hypertensive diseases","941"
"2022","West Virginia","Malignant neoplasms","4623"
"2022","West Virginia","Diabetes","1045"
"2022","West Virginia","Renal failure","439"
"2022","West Virginia","Other diseases of the circulatory system","1172"
"2022","Wisconsin","Hypertensive diseases","2030"
"2022","Wisconsin","Renal failure","833"
"2022","Wisconsin","Other diseases of the circulatory system","3682"
"2022","Wisconsin","Heart failure","1608"
"2022","Wisconsin","Sepsis","469"
"2022","Wisconsin","Malignant neoplasms","11571"
"2022","Wisconsin","Ischemic heart disease","7023"
"2022","Wisconsin","Influenza and pneumonia","398"
"2022","Wisconsin","Diabetes","1469"
"2022","Wisconsin","Chronic lower respiratory disease","2683"
"2022","Wisconsin","Alzheimer disease and dementia","5678"
"2022","Wisconsin","Other diseases of the respiratory system","1187"
"2022","Wisconsin","Cerebrovascular diseases","2721"
"2022","Wyoming","Chronic lower respiratory disease","53"
"2022","Wyoming","Ischemic heart disease","370"
"2022","Wyoming","Other diseases of the circulatory system","34"
"2022","Wyoming","Malignant neoplasms","998"
"2022","Wyoming","Alzheimer disease and dementia","188"
"2023","Alabama","Sepsis","739"
"2023","Alabama","Cerebrovascular diseases","2071"
"2023","Alabama","Alzheimer disease and dementia","3307"
"2023","Alabama","Malignant neoplasms","7074"
"2023","Alabama","Ischemic heart disease","2980"
"2023","Alabama","Diabetes","937"
"2023","Alabama","Renal failure","861"
"2023","Alabama","Other diseases of the respiratory system","974"
"2023","Alabama","Influenza and pneumonia","553"
"2023","Alabama","Hypertensive diseases","2041"
"2023","Alabama","Heart failure","1613"
"2023","Alabama","Chronic lower respiratory disease","2089"
"2023","Alabama","Other diseases of the circulatory system","3836"
"2023","Alaska","Alzheimer disease and dementia","75"
"2023","Alaska","Ischemic heart disease","78"
"2023","Alaska","Malignant neoplasms","633"
"2023","Arizona","Malignant neoplasms","8972"
"2023","Arizona","Renal failure","519"
"2023","Arizona","Heart failure","748"
"2023","Arizona","Chronic lower respiratory disease","2443"
"2023","Arizona","Other diseases of the circulatory system","2553"
"2023","Arizona","Diabetes","1628"
"2023","Arizona","Other diseases of the respiratory system","1007"
"2023","Arizona","Cerebrovascular diseases","2161"
"2023","Arizona","Ischemic heart disease","5606"
"2023","Arizona","Sepsis","278"
"2023","Arizona","Hypertensive diseases","2428"
"2023","Arizona","Alzheimer disease and dementia","4504"
"2023","Arizona","Influenza and pneumonia","626"
"2023","Arkansas","Hypertensive diseases","1266"
"2023","Arkansas","Other diseases of the circulatory system","1026"
"2023","Arkansas","Chronic lower respiratory disease","1581"
"2023","Arkansas","Influenza and pneumonia","267"
"2023","Arkansas","Other diseases of the respiratory system","413"
"2023","Arkansas","Ischemic heart disease","3104"
"2023","Arkansas","Heart failure","773"
"2023","Arkansas","Alzheimer disease and dementia","2058"
"2023","Arkansas","Cerebrovascular diseases","1174"
"2023","Arkansas","Sepsis","385"
"2023","Arkansas","Malignant neoplasms","4510"
"2023","Arkansas","Diabetes","872"
"2023","Arkansas","Renal failure","475"
"2023","California","Cerebrovascular diseases","12163"
"2023","California","Heart failure","6310"
"2023","California","Malignant neoplasms","41412"
"2023","California","Diabetes","7647"
"2023","California","Other diseases of the circulatory system","9720"
"2023","California","Hypertensive diseases","10152"
"2023","California","Renal failure","3329"
"2023","California","Other diseases of the respiratory system","3622"
"2023","California","Chronic lower respiratory disease","8368"
"2023","California","Alzheimer disease and dementia","19106"
"2023","California","Influenza and pneumonia","3581"
"2023","California","Sepsis","1242"
"2023","California","Ischemic heart disease","24214"
"2023","Colorado","Malignant neoplasms","5773"
"2023","Colorado","Hypertensive diseases","1051"
"2023","Colorado","Renal failure","218"
"2023","Colorado","Other diseases of the circulatory system","1836"
"2023","Colorado","Influenza and pneumonia","60"
"2023","Colorado","Alzheimer disease and dementia","3311"
"2023","Colorado","Ischemic heart disease","2587"
"2023","Colorado","Other diseases of the respiratory system","694"
"2023","Colorado","Cerebrovascular diseases","1536"
"2023","Colorado","Diabetes","766"
"2023","Colorado","Chronic lower respiratory disease","1696"
"2023","Colorado","Sepsis","171"
"2023","Colorado","Heart failure","686"
"2023","Connecticut","Heart failure","939"
"2023","Connecticut","Ischemic heart disease","2047"
"2023","Connecticut","Sepsis","133"
"2023","Connecticut","Diabetes","397"
"2023","Connecticut","Chronic lower respiratory disease","844"
"2023","Connecticut","Hypertensive diseases","627"
"2023","Connecticut","Renal failure","403"
"2023","Connecticut","Alzheimer disease and dementia","2430"
"2023","Connecticut","Influenza and pneumonia","231"
"2023","Connecticut","Cerebrovascular diseases","1068"
"2023","Connecticut","Other diseases of the respiratory system","475"
"2023","Connecticut","Malignant neoplasms","4480"
"2023","Connecticut","Other diseases of the circulatory system","1339"
"2023","Delaware","Diabetes","23"
"2023","Delaware","Chronic lower respiratory disease","105"
"2023","Delaware","Alzheimer disease and dementia","509"
"2023","Delaware","Hypertensive diseases","37"
"2023","Delaware","Heart failure","11"
"2023","Delaware","Ischemic heart disease","855"
"2023","Delaware","Malignant neoplasms","1533"
"2023","Delaware","Cerebrovascular diseases","634"
"2023","Delaware","Other diseases of the circulatory system","249"
"2023","District of Columbia","Other diseases of the circulatory system","47"
"2023","District of Columbia","Cerebrovascular diseases","24"
"2023","District of Columbia","Ischemic heart disease","326"
"2023","District of Columbia","Hypertensive diseases","23"
"2023","District of Columbia","Malignant neoplasms","796"
"2023","District of Columbia","Alzheimer disease and dementia","11"
"2023","Florida","Alzheimer disease and dementia","12885"
"2023","Florida","Influenza and pneumonia","1984"
"2023","Florida","Chronic lower respiratory disease","7845"
"2023","Florida","Renal failure","2412"
"2023","Florida","Malignant neoplasms","32914"
"2023","Florida","Other diseases of the circulatory system","7845"
"2023","Florida","Diabetes","5053"
"2023","Florida","Other diseases of the respiratory system","2954"
"2023","Florida","Heart failure","3183"
"2023","Florida","Cerebrovascular diseases","11613"
"2023","Florida","Ischemic heart disease","20734"
"2023","Florida","Sepsis","1891"
"2023","Florida","Hypertensive diseases","6753"
"2023","Georgia","Diabetes","1709"
"2023","Georgia","Alzheimer disease and dementia","6045"
"2023","Georgia","Chronic lower respiratory disease","3134"
"2023","Georgia","Malignant neoplasms","12617"
"2023","Georgia","Cerebrovascular diseases","3334"
"2023","Georgia","Other diseases of the circulatory system","4368"
"2023","Georgia","Sepsis","1273"
"2023","Georgia","Other diseases of the respiratory system","1974"
"2023","Georgia","Ischemic heart disease","5138"
"2023","Georgia","Hypertensive diseases","3346"
"2023","Georgia","Influenza and pneumonia","843"
"2023","Georgia","Heart failure","2492"
"2023","Georgia","Renal failure","1463"
"2023","Hawaii","Other diseases of the respiratory system","51"
"2023","Hawaii","Other diseases of the circulatory system","591"
"2023","Hawaii","Renal failure","11"
"2023","Hawaii","Influenza and pneumonia","23"
"2023","Hawaii","Alzheimer disease and dementia","973"
"2023","Hawaii","Heart failure","11"
"2023","Hawaii","Ischemic heart disease","952"
"2023","Hawaii","Diabetes","22"
"2023","Hawaii","Hypertensive diseases","137"
"2023","Hawaii","Cerebrovascular diseases","641"
"2023","Hawaii","Malignant neoplasms","1751"
"2023","Idaho","Heart failure","11"
"2023","Idaho","Influenza and pneumonia","11"
"2023","Idaho","Other diseases of the circulatory system","630"
"2023","Idaho","Ischemic heart disease","1145"
"2023","Idaho","Cerebrovascular diseases","512"
"2023","Idaho","Hypertensive diseases","375"
"2023","Idaho","Diabetes","103"
"2023","Idaho","Chronic lower respiratory disease","613"
"2023","Idaho","Other diseases of the respiratory system","24"
"2023","Idaho","Malignant neoplasms","2282"
"2023","Idaho","Alzheimer disease and dementia","1150"
"2023","Illinois","Chronic lower respiratory disease","3198"
"2023","Illinois","Hypertensive diseases","2774"
"2023","Illinois","Cerebrovascular diseases","4419"
"2023","Illinois","Heart failure","3173"
"2023","Illinois","Sepsis","1235"
"2023","Illinois","Diabetes","1884"
"2023","Illinois","Renal failure","1790"
"2023","Illinois","Malignant neoplasms","15482"
"2023","Illinois","Influenza and pneumonia","1182"
"2023","Illinois","Ischemic heart disease","7180"
"2023","Illinois","Other diseases of the respiratory system","1673"
"2023","Illinois","Alzheimer disease and dementia","6620"
"2023","Illinois","Other diseases of the circulatory system","5044"
"2023","Indiana","Other diseases of the circulatory system","2726"
"2023","Indiana","Cerebrovascular diseases","2334"
"2023","Indiana","Influenza and pneumonia","560"
"2023","Indiana","Malignant neoplasms","9499"
"2023","Indiana","Hypertensive diseases","1861"
"2023","Indiana","Ischemic heart disease","4947"
"2023","Indiana","Renal failure","983"
"2023","Indiana","Diabetes","1570"
"2023","Indiana","Alzheimer disease and dementia","4296"
"2023","Indiana","Sepsis","598"
"2023","Indiana","Other diseases of the respiratory system","1246"
"2023","Indiana","Chronic lower respiratory disease","3041"
"2023","Indiana","Heart failure","1705"
"2023","Iowa","Alzheimer disease and dementia","2209"
"2023","Iowa","Heart failure","723"
"2023","Iowa","Influenza and pneumonia","116"
"2023","Iowa","Other diseases of the respiratory system","447"
"2023","Iowa","Ischemic heart disease","2749"
"2023","Iowa","Hypertensive diseases","880"
"2023","Iowa","Chronic lower respiratory disease","1127"
"2023","Iowa","Diabetes","630"
"2023","Iowa","Malignant neoplasms","4362"
"2023","Iowa","Other diseases of the circulatory system","1429"
"2023","Iowa","Cerebrovascular diseases","926"
"2023","Iowa","Sepsis","57"
"2023","Iowa","Renal failure","135"
"2023","Kansas","Cerebrovascular diseases","853"
"2023","Kansas","Malignant neoplasms","3686"
"2023","Kansas","Chronic lower respiratory disease","1052"
"2023","Kansas","Ischemic heart disease","2189"
"2023","Kansas","Hypertensive diseases","984"
"2023","Kansas","Renal failure","162"
"2023","Kansas","Sepsis","23"
"2023","Kansas","Other diseases of the circulatory system","982"
"2023","Kansas","Heart failure","473"
"2023","Kansas","Influenza and pneumonia","98"
"2023","Kansas","Other diseases of the respiratory system","369"
"2023","Kansas","Alzheimer disease and dementia","2056"
"2023","Kansas","Diabetes","606"
"2023","Kentucky","Other diseases of the circulatory system","2275"
"2023","Kentucky","Renal failure","828"
"2023","Kentucky","Cerebrovascular diseases","1468"
"2023","Kentucky","Sepsis","718"
"2023","Kentucky","Ischemic heart disease","3517"
"2023","Kentucky","Other diseases of the respiratory system","844"
"2023","Kentucky","Influenza and pneumonia","394"
"2023","Kentucky","Hypertensive diseases","1135"
"2023","Kentucky","Malignant neoplasms","7277"
"2023","Kentucky","Alzheimer disease and dementia","3135"
"2023","Kentucky","Chronic lower respiratory disease","2268"
"2023","Kentucky","Diabetes","1069"
"2023","Kentucky","Heart failure","943"
"2023","Louisiana","Malignant neoplasms","6173"
"2023","Louisiana","Other diseases of the respiratory system","849"
"2023","Louisiana","Chronic lower respiratory disease","1476"
"2023","Louisiana","Ischemic heart disease","3482"
"2023","Louisiana","Renal failure","697"
"2023","Louisiana","Alzheimer disease and dementia","2696"
"2023","Louisiana","Diabetes","1087"
"2023","Louisiana","Influenza and pneumonia","199"
"2023","Louisiana","Hypertensive diseases","1386"
"2023","Louisiana","Sepsis","644"
"2023","Louisiana","Other diseases of the circulatory system","1967"
"2023","Louisiana","Heart failure","1465"
"2023","Louisiana","Cerebrovascular diseases","1634"
"2023","Maine","Other diseases of the circulatory system","656"
"2023","Maine","Influenza and pneumonia","38"
"2023","Maine","Chronic lower respiratory disease","609"
"2023","Maine","Alzheimer disease and dementia","1370"
"2023","Maine","Diabetes","261"
"2023","Maine","Cerebrovascular diseases","337"
"2023","Maine","Ischemic heart disease","1222"
"2023","Maine","Malignant neoplasms","2353"
"2023","Maine","Other diseases of the respiratory system","23"
"2023","Maine","Hypertensive diseases","474"
"2023","Maryland","Hypertensive diseases","1391"
"2023","Maryland","Sepsis","638"
"2023","Maryland","Other diseases of the circulatory system","2422"
"2023","Maryland","Heart failure","653"
"2023","Maryland","Malignant neoplasms","7372"
"2023","Maryland","Alzheimer disease and dementia","3132"
"2023","Maryland","Influenza and pneumonia","301"
"2023","Maryland","Other diseases of the respiratory system","718"
"2023","Maryland","Renal failure","397"
"2023","Maryland","Ischemic heart disease","4029"
"2023","Maryland","Diabetes","1206"
"2023","Maryland","Chronic lower respiratory disease","1281"
"2023","Maryland","Cerebrovascular diseases","2122"
"2023","Massachusetts","Ischemic heart disease","3567"
"2023","Massachusetts","Alzheimer disease and dementia","4935"
"2023","Massachusetts","Other diseases of the circulatory system","2783"
"2023","Massachusetts","Other diseases of the respiratory system","1263"
"2023","Massachusetts","Chronic lower respiratory disease","1724"
"2023","Massachusetts","Cerebrovascular diseases","1652"
"2023","Massachusetts","Diabetes","975"
"2023","Massachusetts","Sepsis","703"
"2023","Massachusetts","Heart failure","1467"
"2023","Massachusetts","Renal failure","886"
"2023","Massachusetts","Hypertensive diseases","927"
"2023","Massachusetts","Malignant neoplasms","8834"
"2023","Massachusetts","Influenza and pneumonia","589"
"2023","Michigan","Heart failure","2161"
"2023","Michigan","Chronic lower respiratory disease","3437"
"2023","Michigan","Alzheimer disease and dementia","5627"
"2023","Michigan","Sepsis","797"
"2023","Michigan","Influenza and pneumonia","937"
"2023","Michigan","Renal failure","1278"
"2023","Michigan","Cerebrovascular diseases","3889"
"2023","Michigan","Ischemic heart disease","9656"
"2023","Michigan","Diabetes","2135"
"2023","Michigan","Other diseases of the respiratory system","1257"
"2023","Michigan","Hypertensive diseases","3385"
"2023","Michigan","Malignant neoplasms","14224"
"2023","Michigan","Other diseases of the circulatory system","3796"
"2023","Minnesota","Alzheimer disease and dementia","3635"
"2023","Minnesota","Chronic lower respiratory disease","1423"
"2023","Minnesota","Sepsis","146"
"2023","Minnesota","Ischemic heart disease","2926"
"2023","Minnesota","Influenza and pneumonia","96"
"2023","Minnesota","Heart failure","614"
"2023","Minnesota","Hypertensive diseases","1317"
"2023","Minnesota","Other diseases of the circulatory system","2046"
"2023","Minnesota","Renal failure","116"
"2023","Minnesota","Cerebrovascular diseases","1555"
"2023","Minnesota","Malignant neoplasms","7099"
"2023","Minnesota","Diabetes","979"
"2023","Minnesota","Other diseases of the respiratory system","659"
"2023","Mississippi","Heart failure","882"
"2023","Mississippi","Malignant neoplasms","4272"
"2023","Mississippi","Sepsis","12"
"2023","Mississippi","Influenza and pneumonia","292"
"2023","Mississippi","Other diseases of the respiratory system","403"
"2023","Mississippi","Alzheimer disease and dementia","2006"
"2023","Mississippi","Ischemic heart disease","2598"
"2023","Mississippi","Renal failure","334"
"2023","Mississippi","Diabetes","776"
"2023","Mississippi","Cerebrovascular diseases","1186"
"2023","Mississippi","Other diseases of the circulatory system","1100"
"2023","Mississippi","Hypertensive diseases","1609"
"2023","Mississippi","Chronic lower respiratory disease","1365"
"2023","Missouri","Ischemic heart disease","5495"
"2023","Missouri","Renal failure","1204"
"2023","Missouri","Alzheimer disease and dementia","3995"
"2023","Missouri","Chronic lower respiratory disease","2600"
"2023","Missouri","Heart failure","1775"
"2023","Missouri","Diabetes","1232"
"2023","Missouri","Cerebrovascular diseases","2289"
"2023","Missouri","Malignant neoplasms","9272"
"2023","Missouri","Other diseases of the respiratory system","1123"
"2023","Missouri","Sepsis","722"
"2023","Missouri","Influenza and pneumonia","698"
"2023","Missouri","Hypertensive diseases","1245"
"2023","Missouri","Other diseases of the circulatory system","2672"
"2023","Montana","Malignant neoplasms","1472"
"2023","Montana","Diabetes","25"
"2023","Montana","Cerebrovascular diseases","46"
"2023","Montana","Other diseases of the respiratory system","11"
"2023","Montana","Heart failure","11"
"2023","Montana","Alzheimer disease and dementia","675"
"2023","Montana","Chronic lower respiratory disease","409"
"2023","Montana","Ischemic heart disease","989"
"2023","Montana","Hypertensive diseases","48"
"2023","Montana","Other diseases of the circulatory system","378"
"2023","Nebraska","Other diseases of the circulatory system","881"
"2023","Nebraska","Hypertensive diseases","582"
"2023","Nebraska","Diabetes","267"
"2023","Nebraska","Chronic lower respiratory disease","752"
"2023","Nebraska","Cerebrovascular diseases","535"
"2023","Nebraska","Heart failure","273"
"2023","Nebraska","Other diseases of the respiratory system","80"
"2023","Nebraska","Sepsis","11"
"2023","Nebraska","Alzheimer disease and dementia","1262"
"2023","Nebraska","Influenza and pneumonia","12"
"2023","Nebraska","Ischemic heart disease","1112"
"2023","Nebraska","Malignant neoplasms","2563"
"2023","Nevada","Other diseases of the respiratory system","96"
"2023","Nevada","Chronic lower respiratory disease","1068"
"2023","Nevada","Cerebrovascular diseases","954"
"2023","Nevada","Malignant neoplasms","3694"
"2023","Nevada","Diabetes","638"
"2023","Nevada","Hypertensive diseases","1329"
"2023","Nevada","Other diseases of the circulatory system","1348"
"2023","Nevada","Heart failure","66"
"2023","Nevada","Renal failure","11"
"2023","Nevada","Sepsis","13"
"2023","Nevada","Ischemic heart disease","2285"
"2023","Nevada","Alzheimer disease and dementia","1417"
"2023","Nevada","Influenza and pneumonia","189"
"2023","New Hampshire","Other diseases of the circulatory system","623"
"2023","New Hampshire","Heart failure","163"
"2023","New Hampshire","Hypertensive diseases","24"
"2023","New Hampshire","Ischemic heart disease","1070"
"2023","New Hampshire","Diabetes","35"
"2023","New Hampshire","Alzheimer disease and dementia","988"
"2023","New Hampshire","Chronic lower respiratory disease","482"
"2023","New Hampshire","Other diseases of the respiratory system","34"
"2023","New Hampshire","Malignant neoplasms","1969"
"2023","New Hampshire","Cerebrovascular diseases","284"
"2023","New Jersey","Hypertensive diseases","1407"
"2023","New Jersey","Other diseases of the respiratory system","1785"
"2023","New Jersey","Influenza and pneumonia","700"
"2023","New Jersey","Renal failure","1192"
"2023","New Jersey","Sepsis","1332"
"2023","New Jersey","Other diseases of the circulatory system","4049"
"2023","New Jersey","Chronic lower respiratory disease","1765"
"2023","New Jersey","Malignant neoplasms","10333"
"2023","New Jersey","Diabetes","1236"
"2023","New Jersey","Alzheimer disease and dementia","4410"
"2023","New Jersey","Ischemic heart disease","5495"
"2023","New Jersey","Heart failure","1927"
"2023","New Jersey","Cerebrovascular diseases","2315"
"2023","New Mexico","Diabetes","406"
"2023","New Mexico","Other diseases of the respiratory system","162"
"2023","New Mexico","Influenza and pneumonia","40"
"2023","New Mexico","Ischemic heart disease","1976"
"2023","New Mexico","Heart failure","106"
"2023","New Mexico","Other diseases of the circulatory system","482"
"2023","New Mexico","Hypertensive diseases","172"
"2023","New Mexico","Chronic lower respiratory disease","677"
"2023","New Mexico","Malignant neoplasms","2459"
"2023","New Mexico","Alzheimer disease and dementia","1058"
"2023","New Mexico","Cerebrovascular diseases","656"
"2023","New York","Diabetes","1892"
"2023","New York","Heart failure","1619"
"2023","New York","Chronic lower respiratory disease","3140"
"2023","New York","Influenza and pneumonia","1673"
"2023","New York","Sepsis","981"
"2023","New York","Renal failure","1170"
"2023","New York","Alzheimer disease and dementia","6260"
"2023","New York","Ischemic heart disease","10066"
"2023","New York","Hypertensive diseases","2873"
"2023","New York","Cerebrovascular diseases","2841"
"2023","New York","Other diseases of the circulatory system","4285"
"2023","New York","Malignant neoplasms","14414"
"2023","New York","Other diseases of the respiratory system","2054"
"2023","New York City","Hypertensive diseases","2365"
"2023","New York City","Other diseases of the respiratory system","727"
"2023","New York City","Influenza and pneumonia","1008"
"2023","New York City","Heart failure","358"
"2023","New York City","Chronic lower respiratory disease","1025"
"2023","New York City","Malignant neoplasms","7664"
"2023","New York City","Sepsis","685"
"2023","New York City","Ischemic heart disease","7228"
"2023","New York City","Diabetes","1080"
"2023","New York City","Renal failure","412"
"2023","New York City","Cerebrovascular diseases","1450"
"2023","New York City","Alzheimer disease and dementia","1697"
"2023","New York City","Other diseases of the circulatory system","1530"
"2023","North Carolina","Ischemic heart disease","7317"
"2023","North Carolina","Diabetes","2294"
"2023","North Carolina","Renal failure","1378"
"2023","North Carolina","Chronic lower respiratory disease","3614"
"2023","North Carolina","Sepsis","899"
"2023","North Carolina","Cerebrovascular diseases","4166"
"2023","North Carolina","Other diseases of the respiratory system","1662"
"2023","North Carolina","Other diseases of the circulatory system","3730"
"2023","North Carolina","Heart failure","2379"
"2023","North Carolina","Alzheimer disease and dementia","6997"
"2023","North Carolina","Malignant neoplasms","14418"
"2023","North Carolina","Influenza and pneumonia","985"
"2023","North Carolina","Hypertensive diseases","2263"
"2023","North Dakota","Alzheimer disease and dementia","268"
"2023","North Dakota","Hypertensive diseases","24"
"2023","North Dakota","Chronic lower respiratory disease","11"
"2023","North Dakota","Malignant neoplasms","993"
"2023","North Dakota","Other diseases of the circulatory system","131"
"2023","North Dakota","Ischemic heart disease","477"
"2023","Ohio","Hypertensive diseases","2964"
"2023","Ohio","Ischemic heart disease","9223"
"2023","Ohio","Other diseases of the respiratory system","2312"
"2023","Ohio","Diabetes","2750"
"2023","Ohio","Other diseases of the circulatory system","5630"
"2023","Ohio","Malignant neoplasms","16780"
"2023","Ohio","Alzheimer disease and dementia","7626"
"2023","Ohio","Heart failure","2669"
"2023","Ohio","Sepsis","1307"
"2023","Ohio","Chronic lower respiratory disease","4325"
"2023","Ohio","Influenza and pneumonia","1154"
"2023","Ohio","Cerebrovascular diseases","4854"
"2023","Ohio","Renal failure","1541"
"2023","Oklahoma","Sepsis","16"
"2023","Oklahoma","Alzheimer disease and dementia","2432"
"2023","Oklahoma","Renal failure","102"
"2023","Oklahoma","Chronic lower respiratory disease","1963"
"2023","Oklahoma","Heart failure","524"
"2023","Oklahoma","Diabetes","863"
"2023","Oklahoma","Other diseases of the circulatory system","949"
"2023","Oklahoma","Cerebrovascular diseases","1138"
"2023","Oklahoma","Other diseases of the respiratory system","201"
"2023","Oklahoma","Hypertensive diseases","3294"
"2023","Oklahoma","Malignant neoplasms","5384"
"2023","Oklahoma","Ischemic heart disease","3283"
"2023","Oklahoma","Influenza and pneumonia","277"
"2023","Oregon","Sepsis","22"
"2023","Oregon","Heart failure","645"
"2023","Oregon","Hypertensive diseases","1065"
"2023","Oregon","Other diseases of the circulatory system","1932"
"2023","Oregon","Renal failure","36"
"2023","Oregon","Other diseases of the respiratory system","472"
"2023","Oregon","Influenza and pneumonia","66"
"2023","Oregon","Chronic lower respiratory disease","1367"
"2023","Oregon","Alzheimer disease and dementia","3109"
"2023","Oregon","Cerebrovascular diseases","1548"
"2023","Oregon","Diabetes","877"
"2023","Oregon","Ischemic heart disease","2318"
"2023","Oregon","Malignant neoplasms","5665"
"2023","Pennsylvania","Malignant neoplasms","19012"
"2023","Pennsylvania","Ischemic heart disease","10064"
"2023","Pennsylvania","Sepsis","1820"
"2023","Pennsylvania","Renal failure","2031"
"2023","Pennsylvania","Influenza and pneumonia","1283"
"2023","Pennsylvania","Diabetes","2487"
"2023","Pennsylvania","Alzheimer disease and dementia","8495"
"2023","Pennsylvania","Chronic lower respiratory disease","4037"
"2023","Pennsylvania","Heart failure","3665"
"2023","Pennsylvania","Hypertensive diseases","2558"
"2023","Pennsylvania","Other diseases of the circulatory system","6411"
"2023","Pennsylvania","Other diseases of the respiratory system","2524"
"2023","Pennsylvania","Cerebrovascular diseases","4394"
"2023","Puerto Rico","Hypertensive diseases","999"
"2023","Puerto Rico","Chronic lower respiratory disease","687"
"2023","Puerto Rico","Ischemic heart disease","2667"
"2023","Puerto Rico","Malignant neoplasms","3631"
"2023","Puerto Rico","Sepsis","421"
"2023","Puerto Rico","Influenza and pneumonia","566"
"2023","Puerto Rico","Alzheimer disease and dementia","2589"
"2023","Puerto Rico","Diabetes","2055"
"2023","Puerto Rico","Heart failure","429"
"2023","Puerto Rico","Other diseases of the circulatory system","730"
"2023","Puerto Rico","Renal failure","812"
"2023","Puerto Rico","Cerebrovascular diseases","831"
"2023","Puerto Rico","Other diseases of the respiratory system","490"
"2023","Rhode Island","Cerebrovascular diseases","144"
"2023","Rhode Island","Diabetes","11"
"2023","Rhode Island","Hypertensive diseases","99"
"2023","Rhode Island","Malignant neoplasms","1521"
"2023","Rhode Island","Chronic lower respiratory disease","127"
"2023","Rhode Island","Alzheimer disease and dementia","772"
"2023","Rhode Island","Other diseases of the circulatory system","264"
"2023","Rhode Island","Other diseases of the respiratory system","12"
"2023","Rhode Island","Ischemic heart disease","944"
"2023","South Carolina","Hypertensive diseases","1663"
"2023","South Carolina","Sepsis","542"
"2023","South Carolina","Heart failure","1246"
"2023","South Carolina","Other diseases of the respiratory system","947"
"2023","South Carolina","Influenza and pneumonia","268"
"2023","South Carolina","Alzheimer disease and dementia","3876"
"2023","South Carolina","Renal failure","557"
"2023","South Carolina","Other diseases of the circulatory system","2165"
"2023","South Carolina","Chronic lower respiratory disease","1853"
"2023","South Carolina","Cerebrovascular diseases","1935"
"2023","South Carolina","Malignant neoplasms","7498"
"2023","South Carolina","Diabetes","1120"
"2023","South Carolina","Ischemic heart disease","3744"
"2023","South Dakota","Malignant neoplasms","1208"
"2023","South Dakota","Ischemic heart disease","721"
"2023","South Dakota","Alzheimer disease and dementia","440"
"2023","South Dakota","Diabetes","11"
"2023","South Dakota","Chronic lower respiratory disease","71"
"2023","South Dakota","Cerebrovascular diseases","115"
"2023","South Dakota","Hypertensive diseases","11"
"2023","South Dakota","Other diseases of the circulatory system","111"
"2023","Tennessee","Sepsis","736"
"2023","Tennessee","Ischemic heart disease","6799"
"2023","Tennessee","Heart failure","977"
"2023","Tennessee","Renal failure","831"
"2023","Tennessee","Malignant neoplasms","10521"
"2023","Tennessee","Diabetes","1757"
"2023","Tennessee","Other diseases of the respiratory system","1115"
"2023","Tennessee","Hypertensive diseases","3099"
"2023","Tennessee","Cerebrovascular diseases","2717"
"2023","Tennessee","Other diseases of the circulatory system","2696"
"2023","Tennessee","Influenza and pneumonia","894"
"2023","Tennessee","Chronic lower respiratory disease","3050"
"2023","Tennessee","Alzheimer disease and dementia","4929"
"2023","Texas","Chronic lower respiratory disease","6819"
"2023","Texas","Influenza and pneumonia","2007"
"2023","Texas","Hypertensive diseases","6711"
"2023","Texas","Heart failure","4457"
"2023","Texas","Diabetes","5128"
"2023","Texas","Other diseases of the circulatory system","8607"
"2023","Texas","Sepsis","2390"
"2023","Texas","Renal failure","3167"
"2023","Texas","Ischemic heart disease","16996"
"2023","Texas","Other diseases of the respiratory system","3942"
"2023","Texas","Alzheimer disease and dementia","15555"
"2023","Texas","Cerebrovascular diseases","8268"
"2023","Texas","Malignant neoplasms","30675"
"2023","United States","Alzheimer disease and dementia","192362"
"2023","United States","Chronic lower respiratory disease","99326"
"2023","United States","Cerebrovascular diseases","109825"
"2023","United States","Diabetes","63969"
"2023","United States","Other diseases of the respiratory system","47932"
"2023","United States","Malignant neoplasms","418329"
"2023","United States","Hypertensive diseases","88451"
"2023","United States","Heart failure","61223"
"2023","United States","Sepsis","28323"
"2023","United States","Renal failure","36743"
"2023","United States","Influenza and pneumonia","29986"
"2023","United States","Ischemic heart disease","234367"
"2023","United States","Other diseases of the circulatory system","122011"
"2023","Utah","Sepsis","24"
"2023","Utah","Malignant neoplasms","2554"
"2023","Utah","Renal failure","23"
"2023","Utah","Influenza and pneumonia","43"
"2023","Utah","Other diseases of the respiratory system","158"
"2023","Utah","Alzheimer disease and dementia","1543"
"2023","Utah","Ischemic heart disease","1307"
"2023","Utah","Heart failure","677"
"2023","Utah","Diabetes","406"
"2023","Utah","Hypertensive diseases","355"
"2023","Utah","Chronic lower respiratory disease","617"
"2023","Utah","Other diseases of the circulatory system","907"
"2023","Utah","Cerebrovascular diseases","587"
"2023","Vermont","Malignant neoplasms","969"
"2023","Vermont","Hypertensive diseases","25"
"2023","Vermont","Other diseases of the circulatory system","46"
"2023","Vermont","Ischemic heart disease","546"
"2023","Vermont","Chronic lower respiratory disease","58"
"2023","Vermont","Alzheimer disease and dementia","309"
"2023","Virginia","Ischemic heart disease","5410"
"2023","Virginia","Other diseases of the respiratory system","1328"
"2023","Virginia","Malignant neoplasms","10780"
"2023","Virginia","Heart failure","1913"
"2023","Virginia","Chronic lower respiratory disease","2299"
"2023","Virginia","Other diseases of the circulatory system","3292"
"2023","Virginia","Sepsis","672"
"2023","Virginia","Renal failure","1046"
"2023","Virginia","Influenza and pneumonia","604"
"2023","Virginia","Hypertensive diseases","1622"
"2023","Virginia","Diabetes","1708"
"2023","Virginia","Alzheimer disease and dementia","5578"
"2023","Virginia","Cerebrovascular diseases","2860"
"2023","Washington","Ischemic heart disease","4559"
"2023","Washington","Hypertensive diseases","1718"
"2023","Washington","Diabetes","1297"
"2023","Washington","Cerebrovascular diseases","2100"
"2023","Washington","Influenza and pneumonia","344"
"2023","Washington","Heart failure","627"
"2023","Washington","Sepsis","364"
"2023","Washington","Chronic lower respiratory disease","1884"
"2023","Washington","Alzheimer disease and dementia","4522"
"2023","Washington","Malignant neoplasms","9401"
"2023","Washington","Other diseases of the circulatory system","2578"
"2023","Washington","Renal failure","187"
"2023","Washington","Other diseases of the respiratory system","1058"
"2023","West Virginia","Malignant neoplasms","3086"
"2023","West Virginia","Influenza and pneumonia","186"
"2023","West Virginia","Hypertensive diseases","675"
"2023","West Virginia","Cerebrovascular diseases","706"
"2023","West Virginia","Heart failure","185"
"2023","West Virginia","Ischemic heart disease","2014"
"2023","West Virginia","Diabetes","641"
"2023","West Virginia","Chronic lower respiratory disease","1037"
"2023","West Virginia","Renal failure","162"
"2023","West Virginia","Other diseases of the circulatory system","828"
"2023","West Virginia","Other diseases of the respiratory system","77"
"2023","West Virginia","Alzheimer disease and dementia","1356"
"2023","West Virginia","Sepsis","12"
"2023","Wisconsin","Other diseases of the circulatory system","2474"
"2023","Wisconsin","Ischemic heart disease","4302"
"2023","Wisconsin","Heart failure","1140"
"2023","Wisconsin","Cerebrovascular diseases","1854"
"2023","Wisconsin","Hypertensive diseases","1506"
"2023","Wisconsin","Other diseases of the respiratory system","808"
"2023","Wisconsin","Malignant neoplasms","7973"
"2023","Wisconsin","Influenza and pneumonia","285"
"2023","Wisconsin","Alzheimer disease and dementia","3646"
"2023","Wisconsin","Diabetes","974"
"2023","Wisconsin","Sepsis","360"
"2023","Wisconsin","Renal failure","505"
"2023","Wisconsin","Chronic lower respiratory disease","1711"
"2023","Wyoming","Alzheimer disease and dementia","154"
"2023","Wyoming","Other diseases of the circulatory system","22"
"2023","Wyoming","Malignant neoplasms","645"
"2023","Wyoming","Chronic lower respiratory disease","41"
"2023","Wyoming","Ischemic heart disease","193"
